min_A,min_B,min_C,avg_A,avg_B,avg_C,max_A,max_B,max_C,std_A,std_B,std_C,state_AA,lb_AA,ub_AA,state_AB,lb_AB,ub_AB,state_AC,lb_AC,ub_AC,state_BA,lb_BA,ub_BA,state_BC,lb_BC,ub_BC,state_CB,lb_CB,ub_CB,state_CC,lb_CC,ub_CC,Adj,k_max,params,path,adj_tup,index,type
0.8793113491557626,27.46709964987231,2.000049607891685,3.8599420966561198,31.707844789270883,2.000238399428164,6.759598103256987,35.970981738090444,2.0005429701284196,1.4901104922678814,1.987235214166405,0.00013014189914285315,Active,0.8800088000880009,28.11028110281103,Active,0.8800088000880009,28.11028110281103,Active,0.8900089000890009,28.10028100281003,Active,4.450044500445005,140.54140541405414,Active,0.8900089000890009,28.10028100281003,Active,1.7800178001780018,56.21056210562106,Active,0.8800088000880009,28.11028110281103,"[[ 1  1 -1]
 [-1  0 -1]
 [ 0 -1  1]]",8.430177055552395,"[4.0e+00 1.0e-03 1.0e-01 5.0e+00 5.0e+00 5.0e+00 5.0e+00 5.0e-01 5.0e-01
 5.0e+01 2.5e+01 5.0e+00 1.0e+00 5.0e-01 1.0e+01 1.0e+01 5.0e+00]",outputs_second_search/solution_10_0_24.npy,"(1, 1, -1, -1, 0, -1, 0, -1, 1)",0,labyrinth
0.11643642818589375,4.861978395033702,2.0073917025184462,2.5924158882086368,5.722580097733872,2.1022080316611453,7.983336448306287,6.991983663335906,2.1861695921713657,2.2024545764201586,0.485618608538163,0.04953507125925351,Active,0.8800088000880009,28.11028110281103,Active,0.8800088000880009,28.11028110281103,Active,0.8900089000890009,28.10028100281003,Active,0.8900089000890009,28.10028100281003,Active,0.8900089000890009,28.10028100281003,Active,1.7800178001780018,56.21056210562106,Active,0.8800088000880009,28.11028110281103,"[[ 1  1 -1]
 [-1  0 -1]
 [ 0 -1  1]]",30.49763839408395,"[4.e+00 1.e-03 1.e-01 5.e+00 5.e+00 5.e+00 5.e+00 1.e+00 5.e-01 1.e+01
 5.e+00 5.e+00 2.e+01 1.e+01 1.e+02 1.e+01 5.e+00]",outputs_second_search/solution_10_0_26.npy,"(1, 1, -1, -1, 0, -1, 0, -1, 1)",1,in-between
0.4188299292998592,10.480203729773422,2.0328482069501055,3.306252219903573,12.188667058233731,9.855274776147226,7.779957202935182,14.042249362032358,20.056686781349722,1.9360085615557798,0.9236933633288131,7.000236229235519,Active,0.8800088000880009,28.11028110281103,Active,0.8800088000880009,28.11028110281103,Active,0.8900089000890009,28.10028100281003,Active,1.7800178001780018,56.21056210562106,Active,1.7800178001780018,56.21056210562106,Active,17.790177901779018,562.1956219562196,Active,0.8800088000880009,28.11028110281103,"[[ 1  1 -1]
 [-1  0 -1]
 [ 0 -1  1]]",7.155637806089962,"[4.e+00 1.e-03 1.e-01 5.e+00 5.e+00 5.e+00 5.e+00 1.e+00 5.e-01 2.e+01
 1.e+01 1.e+01 1.e+00 5.e-01 2.e+01 1.e+02 5.e+00]",outputs_second_search/solution_10_0_27.npy,"(1, 1, -1, -1, 0, -1, 0, -1, 1)",2,in-between
6.4387472305090325,14.712290405278974,12.673928300990275,6.450570215743531,14.723014752698731,16.742211982246317,6.464825091738993,14.728676953774016,52.15963367224512,0.0037212188580306275,0.002001228784959021,9.875300981841496,Active,0.8800088000880009,28.11028110281103,Active,0.8800088000880009,28.11028110281103,Active,4.450044500445005,140.54140541405414,Active,1.7800178001780018,56.21056210562106,Active,4.450044500445005,140.54140541405414,Active,17.790177901779018,562.1956219562196,Active,4.4400444004440045,140.55140551405515,"[[ 1  1 -1]
 [-1  0 -1]
 [ 0 -1  1]]",4.127767934379886,"[4.0e+00 1.0e-03 1.0e-01 5.0e+00 5.0e+00 5.0e+00 2.5e+01 1.0e-01 1.0e+00
 2.0e+01 1.0e+01 2.5e+01 1.0e+00 1.0e-01 5.0e+00 1.0e+02 2.5e+01]",outputs_second_search/solution_10_0_31.npy,"(1, 1, -1, -1, 0, -1, 0, -1, 1)",3,odd
0.5968172216301024,26.807065581530722,10.271111531020722,3.934025158212957,32.08788887565329,10.397189714689183,6.592565730073738,35.59711764127561,10.691463123626178,1.4109939489278005,1.9201413059310062,0.08291219302988805,Active,0.8800088000880009,28.11028110281103,Active,0.8800088000880009,28.11028110281103,Active,4.450044500445005,140.54140541405414,Active,4.450044500445005,140.54140541405414,Active,4.450044500445005,140.54140541405414,Active,4.450044500445005,140.54140541405414,Active,4.4400444004440045,140.55140551405515,"[[ 1  1 -1]
 [-1  0 -1]
 [ 0 -1  1]]",8.093606128612999,"[4.0e+00 1.0e-03 1.0e-01 5.0e+00 5.0e+00 5.0e+00 2.5e+01 5.0e-01 5.0e-01
 5.0e+01 2.5e+01 2.5e+01 5.0e+00 5.0e-01 2.5e+01 2.5e+01 2.5e+01]",outputs_second_search/solution_10_0_37.npy,"(1, 1, -1, -1, 0, -1, 0, -1, 1)",4,in-between
0.1644073732627528,9.032557538013425,4.085822564319497,2.588992582525192,11.224012209607352,4.251898301247103,7.6723525979975955,14.041682469931587,4.455098613393734,2.080805535298003,1.1991440568863567,0.08551813511162172,Active,0.8800088000880009,28.11028110281103,Active,0.8800088000880009,28.11028110281103,Active,1.7800178001780018,56.21056210562106,Active,1.7800178001780018,56.21056210562106,Active,1.7800178001780018,56.21056210562106,Active,3.5600356003560036,112.43112431124312,Active,1.7700177001770019,56.22056220562206,"[[ 1  1 -1]
 [-1  0 -1]
 [ 0 -1  1]]",21.320663081660705,"[4.0e+00 1.0e-03 1.0e-01 5.0e+00 5.0e+00 5.0e+00 1.0e+01 1.0e+00 5.0e-01
 2.5e+01 1.0e+01 1.0e+01 2.0e+01 5.0e+00 1.0e+02 2.0e+01 1.0e+01]",outputs_second_search/solution_10_0_39.npy,"(1, 1, -1, -1, 0, -1, 0, -1, 1)",5,in-between
6.080143832975857,14.67213319408622,12.685345002645573,6.094754040188223,14.684655767997475,17.39523018154962,6.106694040334014,14.690066236992068,52.27201216781235,0.003909880500675082,0.0018360299256579787,10.661381713985023,Active,0.8800088000880009,28.11028110281103,Active,0.8800088000880009,28.11028110281103,Active,4.450044500445005,140.54140541405414,Active,1.7800178001780018,56.21056210562106,Active,4.450044500445005,140.54140541405414,Active,17.790177901779018,562.1956219562196,Active,4.4400444004440045,140.55140551405515,"[[ 1  1 -1]
 [-1  0 -1]
 [ 0 -1  1]]",4.240322120343081,"[4.0e+00 1.0e-03 1.0e-01 5.0e+00 5.0e+00 5.0e+00 2.5e+01 1.0e+00 1.0e+00
 2.0e+01 1.0e+01 2.5e+01 1.0e+00 1.0e-01 5.0e+00 1.0e+02 2.5e+01]",outputs_second_search/solution_10_0_40.npy,"(1, 1, -1, -1, 0, -1, 0, -1, 1)",6,odd
0.8984375113249949,28.14916752256508,10.28440042566124,4.120258797689463,32.54095478692098,10.369177591742684,6.201927012197223,35.48592341920024,10.561408948860354,1.1155169456130234,1.6191180852261764,0.051908577817277465,Active,0.8800088000880009,28.11028110281103,Active,0.8800088000880009,28.11028110281103,Active,4.450044500445005,140.54140541405414,Active,4.450044500445005,140.54140541405414,Active,4.450044500445005,140.54140541405414,Active,3.5600356003560036,112.43112431124312,Active,4.4400444004440045,140.55140551405515,"[[ 1  1 -1]
 [-1  0 -1]
 [ 0 -1  1]]",5.392088340438734,"[4.0e+00 1.0e-03 1.0e-01 5.0e+00 5.0e+00 5.0e+00 2.5e+01 5.0e-01 5.0e-01
 5.0e+01 2.5e+01 2.5e+01 1.0e+00 1.0e-01 5.0e+00 2.0e+01 2.5e+01]",outputs_second_search/solution_10_0_44.npy,"(1, 1, -1, -1, 0, -1, 0, -1, 1)",7,labyrinth
0.02029372976764671,0.41551621372258835,0.2029465772572909,0.08752952787889084,0.5552876676382548,0.23111079576854252,0.34668292905533754,0.8966456744054053,13.738935763023948,0.07058233356984182,0.09014845543094646,0.35917210156387036,Active,0.08000080000800008,2.8200282002820027,Active,0.08000080000800008,2.8200282002820027,Active,0.1800018000180002,5.620056200562006,Active,0.0900009000090001,2.810028100281003,Active,0.0900009000090001,2.810028100281003,Active,8.90008900089001,281.0928109281093,Active,0.17000170001700018,5.630056300563006,"[[ 1  1 -1]
 [-1  0 -1]
 [ 0 -1  1]]",21.278114192070305,"[4.e+00 1.e-03 1.e-01 5.e+00 5.e-01 5.e-01 1.e+00 1.e-01 1.e+00 5.e+01
 5.e-01 5.e-01 1.e+00 5.e+00 1.e+02 5.e+01 1.e+00]",outputs_second_search/solution_10_0_4.npy,"(1, 1, -1, -1, 0, -1, 0, -1, 1)",8,spot
3.739640733888654,6.713232585368553,4.684612002680142,4.743389970091794,6.940871993210038,4.745921646616078,5.259339761925143,7.055100117514177,4.862617912601516,0.22254867011264753,0.052513907226044786,0.026727756845247495,Active,0.8800088000880009,28.11028110281103,Active,0.8800088000880009,28.11028110281103,Active,1.7800178001780018,56.21056210562106,Active,0.8900089000890009,28.10028100281003,Active,1.7800178001780018,56.21056210562106,Active,0.8900089000890009,28.10028100281003,Active,1.7700177001770019,56.22056220562206,"[[ 1  1 -1]
 [-1  0 -1]
 [ 0 -1  1]]",17.044873111356765,"[4.e+00 1.e-03 1.e-01 5.e+00 5.e+00 5.e+00 1.e+01 1.e+00 5.e-01 1.e+01
 5.e+00 1.e+01 2.e+01 5.e+00 1.e+02 5.e+00 1.e+01]",outputs_second_search/solution_10_0_51.npy,"(1, 1, -1, -1, 0, -1, 0, -1, 1)",9,in-between
0.26066332664138503,4.858461455821558,2.014824902993612,2.3690129494411916,5.564518910784846,2.1145838132337325,6.781962681984712,6.989638679397764,2.186185251497455,1.761791067961428,0.4853693181727037,0.0494202262286003,Active,0.8800088000880009,28.11028110281103,Active,1.7700177001770019,56.22056220562206,Active,0.8900089000890009,28.10028100281003,Active,0.8900089000890009,28.10028100281003,Active,0.8900089000890009,28.10028100281003,Active,1.7800178001780018,56.21056210562106,Active,0.8800088000880009,28.11028110281103,"[[ 1  1 -1]
 [-1  0 -1]
 [ 0 -1  1]]",22.37221821669907,"[4.e+00 1.e-03 1.e-01 5.e+00 5.e+00 1.e+01 5.e+00 1.e+00 5.e-01 1.e+02
 5.e+00 5.e+00 1.e+01 5.e+00 5.e+01 1.e+01 5.e+00]",outputs_second_search/solution_10_0_53.npy,"(1, 1, -1, -1, 0, -1, 0, -1, 1)",10,labyrinth
0.4833154314978966,26.77227766070811,0.20053591617782807,0.5267701897576484,26.896078979073796,0.20055886215517826,0.5715759113778472,27.007093769356132,0.20058161541378386,0.01533467504776111,0.04902749521995808,8.6570372423531e-06,Active,0.08000080000800008,2.8200282002820027,Active,0.08000080000800008,2.8200282002820027,Active,0.1800018000180002,5.620056200562006,Active,1.7800178001780018,56.21056210562106,Active,0.8900089000890009,28.10028100281003,Active,0.0900009000090001,2.810028100281003,Active,0.08000080000800008,2.8200282002820027,"[[ 1  1 -1]
 [-1  0 -1]
 [ 0 -1  1]]",22.430039363159985,"[4.e+00 1.e-03 1.e-01 5.e+00 5.e-01 5.e-01 1.e+00 1.e-03 1.e-01 5.e+00
 1.e+01 5.e+00 1.e+00 5.e+00 1.e+02 5.e-01 5.e-01]",outputs_second_search/solution_10_0_6.npy,"(1, 1, -1, -1, 0, -1, 0, -1, 1)",11,in-between
0.2507240264012163,7.007052850172234,2.0124576937822227,4.733002104561777,9.406560147349063,2.0253529729615236,7.443291339046741,10.741063662996853,2.07592325536522,2.2526685816039707,0.8723118599156546,0.012880578366702321,Active,0.8800088000880009,28.11028110281103,Active,0.8800088000880009,28.11028110281103,Active,1.7800178001780018,56.21056210562106,Active,1.7800178001780018,56.21056210562106,Active,0.8900089000890009,28.10028100281003,Active,1.7800178001780018,56.21056210562106,Active,1.7700177001770019,56.22056220562206,"[[ 1  1 -1]
 [-1  0 -1]
 [ 0 -1  1]]",15.765922581238126,"[4.e+00 1.e-03 1.e+00 2.e+01 5.e+00 5.e+00 1.e+01 1.e-01 5.e+00 1.e+02
 1.e+01 5.e+00 1.e+00 5.e-01 1.e+02 1.e+01 1.e+01]",outputs_second_search/solution_10_10_103.npy,"(1, 1, -1, -1, 0, -1, 0, -1, 1)",12,spot
0.1914614681898853,6.766619780977457,2.0042984630298437,4.682657765942073,9.361690873703175,2.0300042366915694,7.5017733897110155,10.785605071945922,2.1527687216856433,2.299237175409121,0.8976183193981445,0.03024796600817079,Active,0.8800088000880009,28.11028110281103,Active,0.8800088000880009,28.11028110281103,Active,0.8900089000890009,28.10028100281003,Active,1.7800178001780018,56.21056210562106,Active,0.8900089000890009,28.10028100281003,Active,1.7800178001780018,56.21056210562106,Active,0.8800088000880009,28.11028110281103,"[[ 1  1 -1]
 [-1  0 -1]
 [ 0 -1  1]]",15.82518274236366,"[4.e+00 1.e-03 1.e+00 2.e+01 5.e+00 5.e+00 5.e+00 5.e-01 5.e+00 1.e+02
 1.e+01 5.e+00 1.e+00 5.e-01 1.e+01 1.e+01 5.e+00]",outputs_second_search/solution_10_10_104.npy,"(1, 1, -1, -1, 0, -1, 0, -1, 1)",13,spot
0.19676732748682968,6.635263878738337,2.0043115033704084,4.62553043532655,9.321427456326251,2.031390132532831,7.691013834203573,10.739897281377162,2.165803166825377,2.319328023270667,0.9286919826564578,0.03196838097781515,Active,0.8800088000880009,28.11028110281103,Active,0.8800088000880009,28.11028110281103,Active,0.8900089000890009,28.10028100281003,Active,1.7800178001780018,56.21056210562106,Active,0.8900089000890009,28.10028100281003,Active,1.7800178001780018,56.21056210562106,Active,0.8800088000880009,28.11028110281103,"[[ 1  1 -1]
 [-1  0 -1]
 [ 0 -1  1]]",26.340153781055268,"[4.e+00 1.e-03 1.e+00 2.e+01 5.e+00 5.e+00 5.e+00 1.e+00 5.e+00 1.e+02
 1.e+01 5.e+00 1.e+01 5.e+00 1.e+02 1.e+01 5.e+00]",outputs_second_search/solution_10_10_106.npy,"(1, 1, -1, -1, 0, -1, 0, -1, 1)",14,spot
0.23065322161012314,6.952067771978794,4.2168288607288344,4.780992864424264,9.429854860962859,4.377340190933985,7.47091153776025,10.788678965885325,4.849909693526446,2.2764138209971425,0.8773282931108788,0.14685413571674258,Active,0.8800088000880009,28.11028110281103,Active,0.8800088000880009,28.11028110281103,Active,1.7800178001780018,56.21056210562106,Active,1.7800178001780018,56.21056210562106,Active,1.7800178001780018,56.21056210562106,Active,1.7800178001780018,56.21056210562106,Active,1.7700177001770019,56.22056220562206,"[[ 1  1 -1]
 [-1  0 -1]
 [ 0 -1  1]]",24.43479773528818,"[4.e+00 1.e-03 1.e+00 2.e+01 5.e+00 5.e+00 1.e+01 1.e+00 5.e+00 1.e+02
 1.e+01 1.e+01 2.e+01 5.e+00 1.e+02 1.e+01 1.e+01]",outputs_second_search/solution_10_10_111.npy,"(1, 1, -1, -1, 0, -1, 0, -1, 1)",15,spot
0.0110428929936249,23.67050267464742,0.20041951877535502,0.5147349287780005,26.04551914958295,0.20061027894322075,0.834389685970176,27.439810402856185,0.2010126240573494,0.2709811518504959,0.8268395811694393,0.00015741293916292484,Active,0.08000080000800008,2.8200282002820027,Active,0.08000080000800008,2.8200282002820027,Active,0.1800018000180002,5.620056200562006,Active,1.7800178001780018,56.21056210562106,Active,0.8900089000890009,28.10028100281003,Active,0.1800018000180002,5.620056200562006,Active,0.08000080000800008,2.8200282002820027,"[[ 1  1 -1]
 [-1  0 -1]
 [ 0 -1  1]]",11.951455971048137,"[4.e+00 1.e-03 1.e+00 5.e+01 5.e-01 5.e-01 1.e+00 1.e-03 1.e+00 5.e+01
 1.e+01 5.e+00 1.e-01 5.e-01 1.e+01 1.e+00 5.e-01]",outputs_second_search/solution_10_10_115.npy,"(1, 1, -1, -1, 0, -1, 0, -1, 1)",16,spot
0.014204605522502876,11.883491057846905,0.2072892284153816,0.5246217895305696,13.050910935488009,0.2118921934817475,0.8552062915736709,13.712813063866491,0.2232151474527614,0.2676079833241194,0.4062244498492664,0.0039042708518942067,Active,0.08000080000800008,2.8200282002820027,Active,0.08000080000800008,2.8200282002820027,Active,0.1800018000180002,5.620056200562006,Active,0.8900089000890009,28.10028100281003,Active,0.8900089000890009,28.10028100281003,Active,0.0900009000090001,2.810028100281003,Active,0.08000080000800008,2.8200282002820027,"[[ 1  1 -1]
 [-1  0 -1]
 [ 0 -1  1]]",22.362455818887888,"[4.0e+00 1.0e-03 1.0e+00 5.0e+01 5.0e-01 5.0e-01 1.0e+00 1.0e-01 1.0e+00
 2.5e+01 5.0e+00 5.0e+00 1.0e+00 5.0e+00 1.0e+02 5.0e-01 5.0e-01]",outputs_second_search/solution_10_10_121.npy,"(1, 1, -1, -1, 0, -1, 0, -1, 1)",17,spot
0.49434977875938896,2.6392804782889567,0.20003881314217406,0.49434982855555365,2.6392805196256575,0.20003881314682664,0.49434988018927367,2.6392805626366718,0.20003881315126817,1.2337209418240054e-08,1.0119603799231367e-08,1.0953886561123892e-12,Active,0.08000080000800008,2.8200282002820027,Active,0.08000080000800008,2.8200282002820027,Active,0.1800018000180002,5.620056200562006,Active,0.1800018000180002,5.620056200562006,Active,0.0900009000090001,2.810028100281003,Active,0.1800018000180002,5.620056200562006,Active,0.17000170001700018,5.630056300563006,"[[ 1  1 -1]
 [-1  0 -1]
 [ 0 -1  1]]",15.078359429395675,"[4.0e+00 1.0e-03 1.0e+00 5.0e+01 5.0e-01 5.0e-01 1.0e+00 1.0e+00 5.0e+00
 2.5e+01 1.0e+00 5.0e-01 1.0e-01 5.0e-01 1.0e+01 1.0e+00 1.0e+00]",outputs_second_search/solution_10_10_127.npy,"(1, 1, -1, -1, 0, -1, 0, -1, 1)",18,wrong
1.152655289119496,12.646881698692793,0.20027707101545977,1.1526552891195148,12.646881698692829,0.20027707101546122,1.1526552891195316,12.646881698692855,0.20027707101546255,4.627481116664618e-15,1.0823989475047897e-14,1.3885792332406265e-15,Active,0.08000080000800008,2.8200282002820027,Active,0.17000170001700018,5.630056300563006,Active,0.1800018000180002,5.620056200562006,Active,0.8900089000890009,28.10028100281003,Active,0.8900089000890009,28.10028100281003,Active,0.0900009000090001,2.810028100281003,Active,0.17000170001700018,5.630056300563006,"[[ 1  1 -1]
 [-1  0 -1]
 [ 0 -1  1]]",10.236855659086066,"[4.e+00 1.e-03 1.e+00 5.e+01 5.e-01 1.e+00 1.e+00 1.e+00 5.e+00 1.e+02
 5.e+00 5.e+00 1.e-01 5.e-01 1.e+01 5.e-01 1.e+00]",outputs_second_search/solution_10_10_150.npy,"(1, 1, -1, -1, 0, -1, 0, -1, 1)",19,wrong
22.54721566937811,26.12579604526179,26.87271262471035,22.634560550101796,26.186699181837444,54.123880867878526,22.742792150263625,26.234608694476726,104.88246229941711,0.037774830827254254,0.020047121953019723,37.1607724202775,Active,0.8800088000880009,28.11028110281103,Active,4.4400444004440045,140.55140551405515,Active,8.90008900089001,281.0928109281093,Active,4.450044500445005,140.54140541405414,Active,8.90008900089001,281.0928109281093,Active,17.790177901779018,562.1956219562196,Active,8.89008890088901,281.1028110281103,"[[ 1  1 -1]
 [-1  0 -1]
 [ 0 -1  1]]",9.932864308392045,"[4.0e+00 1.0e-03 1.0e+00 5.0e+01 5.0e+00 2.5e+01 5.0e+01 1.0e+00 1.0e-01
 5.0e+00 2.5e+01 5.0e+01 2.0e+01 1.0e+00 1.0e+02 1.0e+02 5.0e+01]",outputs_second_search/solution_10_10_176.npy,"(1, 1, -1, -1, 0, -1, 0, -1, 1)",20,odd
6.0605983933974,14.66558476131829,12.703071731712486,6.095098003980825,14.682002522395015,17.55861987300012,6.179187029764731,14.692880208889704,52.29598566587265,0.014969004450526548,0.003418170170191355,10.859509649938076,Active,0.8800088000880009,28.11028110281103,Active,0.8800088000880009,28.11028110281103,Active,4.450044500445005,140.54140541405414,Active,1.7800178001780018,56.21056210562106,Active,4.450044500445005,140.54140541405414,Active,17.790177901779018,562.1956219562196,Active,4.4400444004440045,140.55140551405515,"[[ 1  1 -1]
 [-1  0 -1]
 [ 0 -1  1]]",12.810350181490296,"[4.0e+00 1.0e-03 1.0e+00 5.0e+01 5.0e+00 5.0e+00 2.5e+01 5.0e+00 5.0e+00
 1.0e+02 1.0e+01 2.5e+01 1.0e+00 1.0e-01 5.0e+00 1.0e+02 2.5e+01]",outputs_second_search/solution_10_10_177.npy,"(1, 1, -1, -1, 0, -1, 0, -1, 1)",21,odd
9.985361268776915,13.836728591352134,13.319838014043151,10.023218022863803,13.867298402731773,23.149411593190035,10.079569075987447,13.884551175861429,52.3306648297481,0.013069354758655415,0.006617916946820512,16.929092694409896,Active,0.8800088000880009,28.11028110281103,Active,1.7700177001770019,56.22056220562206,Active,4.450044500445005,140.54140541405414,Active,1.7800178001780018,56.21056210562106,Active,4.450044500445005,140.54140541405414,Active,17.790177901779018,562.1956219562196,Active,4.4400444004440045,140.55140551405515,"[[ 1  1 -1]
 [-1  0 -1]
 [ 0 -1  1]]",12.99693076979582,"[4.0e+00 1.0e-03 1.0e+00 5.0e+01 5.0e+00 1.0e+01 2.5e+01 2.0e+01 5.0e+00
 1.0e+02 1.0e+01 2.5e+01 1.0e+01 1.0e+00 5.0e+01 1.0e+02 2.5e+01]",outputs_second_search/solution_10_10_181.npy,"(1, 1, -1, -1, 0, -1, 0, -1, 1)",22,odd
0.12419758407694403,25.394481079603267,10.509365442234742,5.6122075471903,28.03021168080253,10.60795005887788,8.32613266803012,29.558657816683706,10.821324041123118,2.6939077298813845,0.8805930177883454,0.06570558717527882,Active,0.8800088000880009,28.11028110281103,Active,0.8800088000880009,28.11028110281103,Active,4.450044500445005,140.54140541405414,Active,3.5600356003560036,112.43112431124312,Active,4.450044500445005,140.54140541405414,Active,4.450044500445005,140.54140541405414,Active,4.4400444004440045,140.55140551405515,"[[ 1  1 -1]
 [-1  0 -1]
 [ 0 -1  1]]",14.438468608346026,"[4.0e+00 1.0e-03 1.0e+00 5.0e+01 5.0e+00 5.0e+00 2.5e+01 1.0e-01 1.0e+00
 5.0e+01 2.0e+01 2.5e+01 1.0e+01 1.0e+00 5.0e+01 2.5e+01 2.5e+01]",outputs_second_search/solution_10_10_182.npy,"(1, 1, -1, -1, 0, -1, 0, -1, 1)",23,spot
0.1315193152496145,25.444731771597105,10.507956292895681,5.851310730506402,28.162504195242843,10.598760788353772,8.375865650489805,29.58707090902551,10.81693916604198,2.6049051085403976,0.8791689462556117,0.06466797831171583,Active,0.8800088000880009,28.11028110281103,Active,0.8800088000880009,28.11028110281103,Active,4.450044500445005,140.54140541405414,Active,3.5600356003560036,112.43112431124312,Active,4.450044500445005,140.54140541405414,Active,3.5600356003560036,112.43112431124312,Active,4.4400444004440045,140.55140551405515,"[[ 1  1 -1]
 [-1  0 -1]
 [ 0 -1  1]]",12.467667191507942,"[4.0e+00 1.0e-03 1.0e+00 5.0e+01 5.0e+00 5.0e+00 2.5e+01 1.0e-03 1.0e+00
 5.0e+01 2.0e+01 2.5e+01 5.0e+00 5.0e-01 2.5e+01 2.0e+01 2.5e+01]",outputs_second_search/solution_10_10_184.npy,"(1, 1, -1, -1, 0, -1, 0, -1, 1)",24,spot
0.07561903765844584,24.925799054386665,2.000023684362339,5.3899516629460145,27.87006352907338,2.00013070678363,8.720550809264177,29.30881856995399,2.0004038181788926,2.80738741877388,0.938573308514808,0.00011950948134922825,Active,0.8800088000880009,28.11028110281103,Active,0.8800088000880009,28.11028110281103,Active,0.8900089000890009,28.10028100281003,Active,3.5600356003560036,112.43112431124312,Active,0.8900089000890009,28.10028100281003,Active,1.7800178001780018,56.21056210562106,Active,0.8800088000880009,28.11028110281103,"[[ 1  1 -1]
 [-1  0 -1]
 [ 0 -1  1]]",33.664596037105014,"[4.e+00 1.e-03 1.e+00 5.e+01 5.e+00 5.e+00 5.e+00 5.e-01 1.e+00 5.e+01
 2.e+01 5.e+00 2.e+01 1.e+01 1.e+02 1.e+01 5.e+00]",outputs_second_search/solution_10_10_188.npy,"(1, 1, -1, -1, 0, -1, 0, -1, 1)",25,spot
23.50849481315625,24.93119583231631,26.34503195969495,24.323164783422197,25.31863951031266,51.12561993989487,24.981963359468267,25.76993409876494,104.66331752890838,0.19256825555940657,0.10720256143169743,36.14717219837711,Active,0.8800088000880009,28.11028110281103,Active,4.4400444004440045,140.55140551405515,Active,8.90008900089001,281.0928109281093,Active,4.450044500445005,140.54140541405414,Active,8.90008900089001,281.0928109281093,Active,8.90008900089001,281.0928109281093,Active,8.89008890088901,281.1028110281103,"[[ 1  1 -1]
 [-1  0 -1]
 [ 0 -1  1]]",9.652266789055798,"[4.0e+00 1.0e-03 1.0e+00 5.0e+01 5.0e+00 2.5e+01 5.0e+01 1.0e+01 1.0e+00
 5.0e+01 2.5e+01 5.0e+01 1.0e+01 5.0e-01 5.0e+01 5.0e+01 5.0e+01]",outputs_second_search/solution_10_10_189.npy,"(1, 1, -1, -1, 0, -1, 0, -1, 1)",26,odd
0.08848205954058158,25.05386193740638,10.515463301987667,5.451561603540377,27.918919150538898,10.616334228445368,8.60313621561503,29.408501657972295,10.854024548818392,2.77336259044369,0.9660247322724103,0.0723593957995309,Active,0.8800088000880009,28.11028110281103,Active,0.8800088000880009,28.11028110281103,Active,4.450044500445005,140.54140541405414,Active,3.5600356003560036,112.43112431124312,Active,4.450044500445005,140.54140541405414,Active,8.90008900089001,281.0928109281093,Active,4.4400444004440045,140.55140551405515,"[[ 1  1 -1]
 [-1  0 -1]
 [ 0 -1  1]]",11.776231991984924,"[4.0e+00 1.0e-03 1.0e+00 5.0e+01 5.0e+00 5.0e+00 2.5e+01 1.0e-01 1.0e+00
 5.0e+01 2.0e+01 2.5e+01 1.0e+00 1.0e-01 5.0e+00 5.0e+01 2.5e+01]",outputs_second_search/solution_10_10_192.npy,"(1, 1, -1, -1, 0, -1, 0, -1, 1)",27,spot
0.04562607948635827,0.8371062553980616,0.20249395633063003,0.4330211103293161,0.9903774338644997,0.20416457487751857,0.7215273497855152,1.0771858684233766,0.20852199568891486,0.18958141357542915,0.05727625626787762,0.0013288942988710648,Active,0.08000080000800008,2.8200282002820027,Active,0.08000080000800008,2.8200282002820027,Active,0.1800018000180002,5.620056200562006,Active,0.0900009000090001,2.810028100281003,Active,0.0900009000090001,2.810028100281003,Active,0.0900009000090001,2.810028100281003,Active,0.17000170001700018,5.630056300563006,"[[ 1  1 -1]
 [-1  0 -1]
 [ 0 -1  1]]",18.68742309195139,"[4.e+00 1.e-03 1.e+00 2.e+01 5.e-01 5.e-01 1.e+00 1.e+00 5.e+00 1.e+01
 5.e-01 5.e-01 1.e-01 5.e-01 2.e+01 5.e-01 1.e+00]",outputs_second_search/solution_10_10_1.npy,"(1, 1, -1, -1, 0, -1, 0, -1, 1)",28,spot
0.03619161776401712,1.5925156917113263,0.4018664323980023,0.39945942893417724,1.933814151991161,0.4034526639143215,0.7154034617887286,2.1441604874491587,0.40720094124962236,0.18922143217852483,0.1308738694332954,0.0011352810212292214,Active,0.08000080000800008,2.8200282002820027,Active,0.08000080000800008,2.8200282002820027,Active,0.1800018000180002,5.620056200562006,Active,0.1800018000180002,5.620056200562006,Active,0.1800018000180002,5.620056200562006,Active,0.1800018000180002,5.620056200562006,Active,0.17000170001700018,5.630056300563006,"[[ 1  1 -1]
 [-1  0 -1]
 [ 0 -1  1]]",71.58695507882523,"[4.0e+00 1.0e-03 1.0e+00 2.0e+01 5.0e-01 5.0e-01 1.0e+00 1.0e+00 5.0e+00
 2.5e+01 1.0e+00 1.0e+00 2.0e+01 5.0e+01 1.0e+02 1.0e+00 1.0e+00]",outputs_second_search/solution_10_10_2.npy,"(1, 1, -1, -1, 0, -1, 0, -1, 1)",29,in-between
0.03952663828382163,0.8311273106345504,0.20022660433819084,0.4330331442689435,0.9904722075389067,0.2010602790194811,0.7259267693014045,1.0759062163687376,0.20306731932975225,0.18881639501949898,0.05653037209248019,0.0007425640693113059,Active,0.08000080000800008,2.8200282002820027,Active,0.08000080000800008,2.8200282002820027,Active,0.0900009000090001,2.810028100281003,Active,0.0900009000090001,2.810028100281003,Active,0.0900009000090001,2.810028100281003,Active,0.0900009000090001,2.810028100281003,Active,0.08000080000800008,2.8200282002820027,"[[ 1  1 -1]
 [-1  0 -1]
 [ 0 -1  1]]",101.02020798712888,"[4.e+00 1.e-03 1.e+00 2.e+01 5.e-01 5.e-01 5.e-01 1.e+00 5.e+00 1.e+01
 5.e-01 5.e-01 2.e+01 1.e+02 1.e+02 5.e-01 5.e-01]",outputs_second_search/solution_10_10_32.npy,"(1, 1, -1, -1, 0, -1, 0, -1, 1)",30,in-between
0.014520693537957973,8.073489017937183,2.0509307272160284,5.359864342365683,9.749629194099485,10.388024977999738,8.857827626562516,10.645353751589793,30.106494474584206,3.0821061118505355,0.5649864618742928,10.736604476334918,Active,0.8800088000880009,28.11028110281103,Active,0.8800088000880009,28.11028110281103,Active,0.8900089000890009,28.10028100281003,Active,1.7800178001780018,56.21056210562106,Active,1.7800178001780018,56.21056210562106,Active,0.8900089000890009,28.10028100281003,Active,0.8800088000880009,28.11028110281103,"[[ 1  1 -1]
 [-1  0 -1]
 [ 0 -1  1]]",14.658886465652758,"[4.e+00 1.e-03 1.e+00 2.e+01 5.e+00 5.e+00 5.e+00 1.e-01 1.e+00 2.e+01
 1.e+01 1.e+01 1.e+00 5.e-01 2.e+01 5.e+00 5.e+00]",outputs_second_search/solution_10_10_84.npy,"(1, 1, -1, -1, 0, -1, 0, -1, 1)",31,spot
0.23909507436172187,6.768540183988085,0.2000099701541093,4.721072054137834,9.391748818075786,3.277651863462509,7.905613587050482,10.772668043267595,41.386171804938435,2.260178047234521,0.8912331995350942,8.989183577711318,Active,0.8800088000880009,28.11028110281103,Active,0.8800088000880009,28.11028110281103,Active,0.1800018000180002,5.620056200562006,Active,1.7800178001780018,56.21056210562106,Active,1.7800178001780018,56.21056210562106,Active,1.7800178001780018,56.21056210562106,Active,0.17000170001700018,5.630056300563006,"[[ 1  1 -1]
 [-1  0 -1]
 [ 0 -1  1]]",15.817893725171977,"[4.0e+00 1.0e-03 1.0e+00 2.0e+01 5.0e+00 5.0e+00 1.0e+00 1.0e-01 5.0e+00
 1.0e+02 1.0e+01 1.0e+01 1.0e-01 5.0e-01 2.5e+01 1.0e+01 1.0e+00]",outputs_second_search/solution_10_10_85.npy,"(1, 1, -1, -1, 0, -1, 0, -1, 1)",32,spot
0.031057996272387894,8.28349774860016,2.011095661253129,4.895112097459556,9.561510763323707,2.021084571092798,9.530218408376886,10.57486256656662,2.040428195009633,3.282530485997978,0.5486934764638525,0.008152787579998043,Active,0.8800088000880009,28.11028110281103,Active,0.8800088000880009,28.11028110281103,Active,1.7800178001780018,56.21056210562106,Active,1.7800178001780018,56.21056210562106,Active,0.8900089000890009,28.10028100281003,Active,0.8900089000890009,28.10028100281003,Active,1.7700177001770019,56.22056220562206,"[[ 1  1 -1]
 [-1  0 -1]
 [ 0 -1  1]]",15.6787037216274,"[4.e+00 1.e-03 1.e+00 2.e+01 5.e+00 5.e+00 1.e+01 1.e-01 1.e+00 2.e+01
 1.e+01 5.e+00 1.e+00 5.e-01 1.e+02 5.e+00 1.e+01]",outputs_second_search/solution_10_10_89.npy,"(1, 1, -1, -1, 0, -1, 0, -1, 1)",33,in-between
8.491260050603513,10.247716101623858,27.754395062700247,8.491260518781868,10.247716586548805,27.754919597426955,8.491260962041922,10.247717041715557,27.755501696164288,1.087057054962714e-07,1.1739094961760086e-07,0.00012332608992189658,Active,0.8800088000880009,28.11028110281103,Active,1.7700177001770019,56.22056220562206,Active,0.8900089000890009,28.10028100281003,Active,1.7800178001780018,56.21056210562106,Active,8.90008900089001,281.0928109281093,Active,8.90008900089001,281.0928109281093,Active,0.8800088000880009,28.11028110281103,"[[ 1  1 -1]
 [-1  0 -1]
 [ 0 -1  1]]",15.471881320819246,"[4.0e+00 1.0e-03 1.0e+00 2.0e+01 5.0e+00 1.0e+01 5.0e+00 2.0e+01 5.0e+00
 1.0e+02 1.0e+01 5.0e+01 1.0e-01 1.0e-01 2.5e+01 5.0e+01 5.0e+00]",outputs_second_search/solution_10_10_94.npy,"(1, 1, -1, -1, 0, -1, 0, -1, 1)",34,wrong
0.14297043438713067,6.4197912437616935,2.0045992595678856,4.724440670990466,9.391037591739819,2.029264557755549,7.374121442477003,10.770657877049997,2.191157015211228,2.273159507542224,0.8927058199030481,0.029678949547036683,Active,0.8800088000880009,28.11028110281103,Active,0.8800088000880009,28.11028110281103,Active,0.8900089000890009,28.10028100281003,Active,1.7800178001780018,56.21056210562106,Active,0.8900089000890009,28.10028100281003,Active,1.7800178001780018,56.21056210562106,Active,0.8800088000880009,28.11028110281103,"[[ 1  1 -1]
 [-1  0 -1]
 [ 0 -1  1]]",15.78343959802174,"[4.e+00 1.e-03 1.e+00 2.e+01 5.e+00 5.e+00 5.e+00 1.e-01 5.e+00 1.e+02
 1.e+01 5.e+00 1.e+00 5.e-01 1.e+01 1.e+01 5.e+00]",outputs_second_search/solution_10_10_96.npy,"(1, 1, -1, -1, 0, -1, 0, -1, 1)",35,spot
0.10613329609890168,10.393308231391288,10.496908268915139,0.8073234444854125,12.081906266117766,14.703281320453529,1.6850595523765257,13.616635924719672,20.400509898589874,0.49412410151336955,0.7085810692994444,2.141116949236134,Active,0.17000170001700018,5.630056300563006,Active,0.08000080000800008,2.8200282002820027,Active,0.8900089000890009,28.10028100281003,Active,0.8900089000890009,28.10028100281003,Active,1.7800178001780018,56.21056210562106,Active,8.90008900089001,281.0928109281093,Active,0.8800088000880009,28.11028110281103,"[[ 1  1 -1]
 [-1  0 -1]
 [ 0 -1  1]]",23.677725514954137,"[4.e+00 1.e-03 1.e+00 1.e+02 1.e+00 5.e-01 5.e+00 1.e-01 5.e+00 1.e+02
 5.e+00 1.e+01 1.e+00 5.e-01 2.e+01 5.e+01 5.e+00]",outputs_second_search/solution_10_11_10.npy,"(1, 1, -1, -1, 0, -1, 0, -1, 1)",36,in-between
0.1228199638802258,25.371793438390707,10.503885954756443,5.749228932788786,28.095792226047546,10.603646964240326,8.328509240136327,29.670837653760987,10.822442562499246,2.682442123804345,0.9195330277463902,0.06811977023573512,Active,0.8800088000880009,28.11028110281103,Active,0.8800088000880009,28.11028110281103,Active,4.450044500445005,140.54140541405414,Active,3.5600356003560036,112.43112431124312,Active,4.450044500445005,140.54140541405414,Active,3.5600356003560036,112.43112431124312,Active,4.4400444004440045,140.55140551405515,"[[ 1  1 -1]
 [-1  0 -1]
 [ 0 -1  1]]",12.625129312401723,"[4.0e+00 1.0e-03 1.0e+00 5.0e+01 5.0e+00 5.0e+00 2.5e+01 5.0e-01 1.0e+00
 5.0e+01 2.0e+01 2.5e+01 5.0e+00 5.0e-01 2.5e+01 2.0e+01 2.5e+01]",outputs_second_search/solution_10_11_1.npy,"(1, 1, -1, -1, 0, -1, 0, -1, 1)",37,spot
0.05338926942615964,1.8937234677768215,0.20000058956220795,0.5887134845268601,2.258797762674136,0.20008564476844795,1.6320854913450693,2.643457218887375,0.2002431027188467,0.4768196093535546,0.1608613283106388,6.75192560729282e-05,Active,0.17000170001700018,5.630056300563006,Active,0.08000080000800008,2.8200282002820027,Active,0.0900009000090001,2.810028100281003,Active,0.1800018000180002,5.620056200562006,Active,0.0900009000090001,2.810028100281003,Active,0.0900009000090001,2.810028100281003,Active,0.08000080000800008,2.8200282002820027,"[[ 1  1 -1]
 [-1  0 -1]
 [ 0 -1  1]]",20.643205072423186,"[4.0e+00 1.0e-03 1.0e+00 1.0e+02 1.0e+00 5.0e-01 5.0e-01 1.0e+00 5.0e+00
 2.5e+01 1.0e+00 5.0e-01 1.0e-01 5.0e-01 1.0e+00 5.0e-01 5.0e-01]",outputs_second_search/solution_10_11_26.npy,"(1, 1, -1, -1, 0, -1, 0, -1, 1)",38,spot
0.011192906265741931,0.6578815010678641,0.20057863800087264,0.17856190006715397,0.7785081689855688,3.1333890272671248,1.0617025412820578,1.1036621712112085,5.196842874300022,0.22333052817400736,0.08063302693312223,1.1217668561763467,Active,0.17000170001700018,5.630056300563006,Active,0.17000170001700018,5.630056300563006,Active,0.1800018000180002,5.620056200562006,Active,0.0900009000090001,2.810028100281003,Active,0.0900009000090001,2.810028100281003,Active,4.450044500445005,140.54140541405414,Active,0.17000170001700018,5.630056300563006,"[[ 1  1 -1]
 [-1  0 -1]
 [ 0 -1  1]]",33.94506363379923,"[4.0e+00 1.0e-03 1.0e+00 1.0e+02 1.0e+00 1.0e+00 1.0e+00 1.0e+00 5.0e+00
 1.0e+02 5.0e-01 5.0e-01 1.0e-01 5.0e-01 1.0e+01 2.5e+01 1.0e+00]",outputs_second_search/solution_10_11_27.npy,"(1, 1, -1, -1, 0, -1, 0, -1, 1)",39,spot
0.07586906587469597,12.399504356480406,2.000706095552897,5.220590008512552,13.879664804808812,2.0044432837925283,8.882080200998093,14.700326970783816,2.013192809164479,2.907295045922268,0.49629229997643476,0.003993208038888377,Active,0.8800088000880009,28.11028110281103,Active,0.8800088000880009,28.11028110281103,Active,0.8900089000890009,28.10028100281003,Active,1.7800178001780018,56.21056210562106,Active,0.8900089000890009,28.10028100281003,Active,0.8900089000890009,28.10028100281003,Active,0.8800088000880009,28.11028110281103,"[[ 1  1 -1]
 [-1  0 -1]
 [ 0 -1  1]]",26.40659019805823,"[4.0e+00 1.0e-03 1.0e+00 5.0e+01 5.0e+00 5.0e+00 5.0e+00 1.0e+00 1.0e+00
 2.5e+01 1.0e+01 5.0e+00 1.0e+01 5.0e+00 1.0e+02 5.0e+00 5.0e+00]",outputs_second_search/solution_10_11_2.npy,"(1, 1, -1, -1, 0, -1, 0, -1, 1)",40,spot
5.095946917028362,103.83359678402934,10.004015104496773,5.0959469266447766,103.8335968492226,10.004179904827062,5.095946937814309,103.83359690236675,10.004373112836838,3.494035035868493e-09,1.8429643348248013e-08,4.538530792866448e-05,Active,0.17000170001700018,5.630056300563006,Active,0.8800088000880009,28.11028110281103,Active,4.450044500445005,140.54140541405414,Active,8.90008900089001,281.0928109281093,Active,4.450044500445005,140.54140541405414,Active,8.90008900089001,281.0928109281093,Active,4.4400444004440045,140.55140551405515,"[[ 1  1 -1]
 [-1  0 -1]
 [ 0 -1  1]]",4.3814104132440335,"[4.0e+00 1.0e-03 1.0e+00 1.0e+02 1.0e+00 5.0e+00 2.5e+01 1.0e-01 5.0e-01
 1.0e+02 5.0e+01 2.5e+01 1.0e+00 1.0e-01 5.0e+00 5.0e+01 2.5e+01]",outputs_second_search/solution_10_11_33.npy,"(1, 1, -1, -1, 0, -1, 0, -1, 1)",41,wrong
0.17481029787800165,2.3390278362098402,0.4001080728569067,1.144714744626155,2.62601652932509,0.40047423627583967,1.6778245712148383,2.7427191690237147,0.40163822275984123,0.39875490593675317,0.09257056805762089,0.00042945355024912865,Active,0.17000170001700018,5.630056300563006,Active,0.08000080000800008,2.8200282002820027,Active,0.1800018000180002,5.620056200562006,Active,0.1800018000180002,5.620056200562006,Active,0.1800018000180002,5.620056200562006,Active,0.0900009000090001,2.810028100281003,Active,0.17000170001700018,5.630056300563006,"[[ 1  1 -1]
 [-1  0 -1]
 [ 0 -1  1]]",72.6247277604442,"[4.e+00 1.e-03 1.e+00 1.e+02 1.e+00 5.e-01 1.e+00 1.e+00 5.e+00 2.e+01
 1.e+00 1.e+00 2.e+01 5.e+01 1.e+02 5.e-01 1.e+00]",outputs_second_search/solution_10_11_40.npy,"(1, 1, -1, -1, 0, -1, 0, -1, 1)",42,in-between
0.04545859098721764,1.8725979753752193,0.20000030459236545,0.5728123994553347,2.2411807539650788,0.2000458576580098,1.625168890822878,2.6487678786722193,0.20012650693552855,0.47856983674495013,0.17298012094283163,3.583332721021294e-05,Active,0.17000170001700018,5.630056300563006,Active,0.08000080000800008,2.8200282002820027,Active,0.0900009000090001,2.810028100281003,Active,0.1800018000180002,5.620056200562006,Active,0.0900009000090001,2.810028100281003,Active,0.1800018000180002,5.620056200562006,Active,0.08000080000800008,2.8200282002820027,"[[ 1  1 -1]
 [-1  0 -1]
 [ 0 -1  1]]",20.637224204855514,"[4.0e+00 1.0e-03 1.0e+00 1.0e+02 1.0e+00 5.0e-01 5.0e-01 1.0e+00 5.0e+00
 2.5e+01 1.0e+00 5.0e-01 1.0e-01 5.0e-01 5.0e-01 1.0e+00 5.0e-01]",outputs_second_search/solution_10_11_42.npy,"(1, 1, -1, -1, 0, -1, 0, -1, 1)",43,spot
5.100222065627519,103.8107913496577,10.004010545441096,5.100222070379681,103.8107913750228,10.004183526448372,5.100222075190124,103.81079140019745,10.004362279880525,1.629498988295599e-09,8.065865782332949e-09,4.595238790666905e-05,Active,0.17000170001700018,5.630056300563006,Active,0.8800088000880009,28.11028110281103,Active,4.450044500445005,140.54140541405414,Active,8.90008900089001,281.0928109281093,Active,4.450044500445005,140.54140541405414,Active,8.90008900089001,281.0928109281093,Active,4.4400444004440045,140.55140551405515,"[[ 1  1 -1]
 [-1  0 -1]
 [ 0 -1  1]]",1.9787511109078435,"[4.0e+00 1.0e-03 1.0e+00 1.0e+02 1.0e+00 5.0e+00 2.5e+01 1.0e-03 1.0e-01
 2.0e+01 5.0e+01 2.5e+01 1.0e+00 1.0e-01 5.0e+00 5.0e+01 2.5e+01]",outputs_second_search/solution_10_11_76.npy,"(1, 1, -1, -1, 0, -1, 0, -1, 1)",44,wrong
0.0583209632710058,0.996156123146539,0.20000398305695666,0.6742171123555073,1.166393217367534,0.20052767044476394,1.6936996577056025,1.3388299781808133,0.20153452427804852,0.512324420394263,0.07661562843628224,0.00046362644562407965,Active,0.17000170001700018,5.630056300563006,Active,0.08000080000800008,2.8200282002820027,Active,0.0900009000090001,2.810028100281003,Active,0.0900009000090001,2.810028100281003,Active,0.0900009000090001,2.810028100281003,Active,0.1800018000180002,5.620056200562006,Active,0.08000080000800008,2.8200282002820027,"[[ 1  1 -1]
 [-1  0 -1]
 [ 0 -1  1]]",53.52663909532627,"[4.0e+00 1.0e-03 1.0e+00 1.0e+02 1.0e+00 5.0e-01 5.0e-01 1.0e+00 5.0e+00
 1.0e+01 5.0e-01 5.0e-01 5.0e+00 2.5e+01 2.5e+01 1.0e+00 5.0e-01]",outputs_second_search/solution_10_11_86.npy,"(1, 1, -1, -1, 0, -1, 0, -1, 1)",45,spot
0.0688292291176604,9.615960216548588,0.20005884831756113,0.7856393527609359,12.00206565662831,0.20074462542688581,1.789629563233575,13.878761126895883,0.20228216475850644,0.48406163038863026,0.8614208731916052,0.000514581594532819,Active,0.17000170001700018,5.630056300563006,Active,0.08000080000800008,2.8200282002820027,Active,0.1800018000180002,5.620056200562006,Active,0.8900089000890009,28.10028100281003,Active,0.8900089000890009,28.10028100281003,Active,0.1800018000180002,5.620056200562006,Active,0.17000170001700018,5.630056300563006,"[[ 1  1 -1]
 [-1  0 -1]
 [ 0 -1  1]]",22.32752879628058,"[4.e+00 1.e-03 1.e-01 1.e+01 1.e+00 5.e-01 1.e+00 1.e-03 5.e-01 1.e+01
 5.e+00 5.e+00 1.e+00 5.e+00 1.e+02 1.e+00 1.e+00]",outputs_second_search/solution_10_3_46.npy,"(1, 1, -1, -1, 0, -1, 0, -1, 1)",46,labyrinth
0.09676679557502794,1.095948924411496,0.4012576215696708,1.000828270195375,1.2912787183453345,0.40837319122779114,1.7330464808682007,1.3857570965694341,0.4261355447039834,0.43506793764503,0.057761886768576326,0.006669758573435554,Active,0.17000170001700018,5.630056300563006,Active,0.08000080000800008,2.8200282002820027,Active,0.1800018000180002,5.620056200562006,Active,0.0900009000090001,2.810028100281003,Active,0.1800018000180002,5.620056200562006,Active,0.0900009000090001,2.810028100281003,Active,0.17000170001700018,5.630056300563006,"[[ 1  1 -1]
 [-1  0 -1]
 [ 0 -1  1]]",63.73593176252482,"[4.e+00 1.e-03 1.e-01 1.e+01 1.e+00 5.e-01 1.e+00 1.e-01 5.e-01 1.e+00
 5.e-01 1.e+00 2.e+01 5.e+01 1.e+02 5.e-01 1.e+00]",outputs_second_search/solution_10_3_59.npy,"(1, 1, -1, -1, 0, -1, 0, -1, 1)",47,labyrinth
0.04746829263568445,7.129057483879657,2.0050427163364475,0.5465176098130697,10.525559825632856,2.0138278157393272,1.4702887310872466,13.207555189589154,2.0542143521802156,0.3688861793257248,1.1391619292205508,0.006047448738408961,Active,0.17000170001700018,5.630056300563006,Active,0.08000080000800008,2.8200282002820027,Active,0.8900089000890009,28.10028100281003,Active,0.8900089000890009,28.10028100281003,Active,0.8900089000890009,28.10028100281003,Active,0.8900089000890009,28.10028100281003,Active,0.8800088000880009,28.11028110281103,"[[ 1  1 -1]
 [-1  0 -1]
 [ 0 -1  1]]",22.39481796398895,"[4.0e+00 1.0e-03 1.0e-01 1.0e+01 1.0e+00 5.0e-01 5.0e+00 1.0e-01 1.0e+00
 2.5e+01 5.0e+00 5.0e+00 1.0e+01 5.0e+00 5.0e+01 5.0e+00 5.0e+00]",outputs_second_search/solution_10_3_64.npy,"(1, 1, -1, -1, 0, -1, 0, -1, 1)",48,spot
0.0697583644377599,7.686072700165637,2.7500571696888154,0.5362762222422537,10.467011793647984,20.453411591435938,1.4806222086446326,13.202310722539382,37.188701674049895,0.36138440040286435,1.1150340791438307,8.617324338581831,Active,0.17000170001700018,5.630056300563006,Active,0.08000080000800008,2.8200282002820027,Active,0.1800018000180002,5.620056200562006,Active,0.8900089000890009,28.10028100281003,Active,1.7800178001780018,56.21056210562106,Active,8.90008900089001,281.0928109281093,Active,0.08000080000800008,2.8200282002820027,"[[ 1  1 -1]
 [-1  0 -1]
 [ 0 -1  1]]",29.799894256378764,"[4.0e+00 1.0e-03 1.0e-01 1.0e+01 1.0e+00 5.0e-01 1.0e+00 1.0e-01 1.0e+00
 2.5e+01 5.0e+00 1.0e+01 1.0e-01 5.0e-01 2.5e+01 5.0e+01 5.0e-01]",outputs_second_search/solution_10_3_77.npy,"(1, 1, -1, -1, 0, -1, 0, -1, 1)",49,spot
0.06456916295686664,18.96196623510904,0.20000475565520892,0.6095261761101889,22.840901248216944,0.2000662237684218,1.6693919350636948,27.14735172863081,0.20015729624100373,0.4605106201854685,1.8446505525994659,3.828829376437374e-05,Active,0.17000170001700018,5.630056300563006,Active,0.08000080000800008,2.8200282002820027,Active,0.1800018000180002,5.620056200562006,Active,1.7800178001780018,56.21056210562106,Active,0.8900089000890009,28.10028100281003,Active,0.1800018000180002,5.620056200562006,Active,0.17000170001700018,5.630056300563006,"[[ 1  1 -1]
 [-1  0 -1]
 [ 0 -1  1]]",8.860551489938821,"[4.0e+00 1.0e-03 1.0e-01 1.0e+01 1.0e+00 5.0e-01 1.0e+00 1.0e-03 5.0e-01
 2.5e+01 1.0e+01 5.0e+00 1.0e-01 5.0e-01 1.0e+01 1.0e+00 1.0e+00]",outputs_second_search/solution_10_3_80.npy,"(1, 1, -1, -1, 0, -1, 0, -1, 1)",50,in-between
0.0596701666607253,9.390528660809736,2.0043537579485684,0.7797500654735682,11.950054715795734,2.0078983829659527,1.7065728862012968,13.702043957111647,2.0192817323494174,0.48239505164313484,0.8365189788703903,0.002291203480667141,Active,0.17000170001700018,5.630056300563006,Active,0.08000080000800008,2.8200282002820027,Active,0.8900089000890009,28.10028100281003,Active,0.8900089000890009,28.10028100281003,Active,0.8900089000890009,28.10028100281003,Active,1.7800178001780018,56.21056210562106,Active,0.8800088000880009,28.11028110281103,"[[ 1  1 -1]
 [-1  0 -1]
 [ 0 -1  1]]",31.457638312620105,"[4.e+00 1.e-03 1.e-01 1.e+01 1.e+00 5.e-01 5.e+00 1.e-03 5.e-01 1.e+01
 5.e+00 5.e+00 2.e+01 1.e+01 1.e+02 1.e+01 5.e+00]",outputs_second_search/solution_10_3_92.npy,"(1, 1, -1, -1, 0, -1, 0, -1, 1)",51,in-between
0.03807729573922687,18.00931499179999,0.2000724560204372,0.6181443390710482,22.885770844492868,0.20106574690259976,1.6851141679540333,27.558264120058848,0.2031349486184793,0.4641151831717037,2.001879435545239,0.0006600311777274437,Active,0.17000170001700018,5.630056300563006,Active,0.08000080000800008,2.8200282002820027,Active,0.1800018000180002,5.620056200562006,Active,1.7800178001780018,56.21056210562106,Active,0.8900089000890009,28.10028100281003,Active,0.0900009000090001,2.810028100281003,Active,0.08000080000800008,2.8200282002820027,"[[ 1  1 -1]
 [-1  0 -1]
 [ 0 -1  1]]",21.889183296286657,"[4.0e+00 1.0e-03 1.0e-01 1.0e+01 1.0e+00 5.0e-01 1.0e+00 1.0e-03 5.0e-01
 2.5e+01 1.0e+01 5.0e+00 1.0e+00 5.0e+00 1.0e+02 5.0e-01 5.0e-01]",outputs_second_search/solution_10_3_94.npy,"(1, 1, -1, -1, 0, -1, 0, -1, 1)",52,in-between
0.05183796911551601,0.9725877468019961,0.2000035871946187,0.6712529110132777,1.1796202526532857,0.20050470270178194,1.7526408021366857,1.3900167548071407,0.201717410641428,0.48637028741984395,0.08131784866047935,0.00047054328513839334,Active,0.17000170001700018,5.630056300563006,Active,0.08000080000800008,2.8200282002820027,Active,0.0900009000090001,2.810028100281003,Active,0.0900009000090001,2.810028100281003,Active,0.0900009000090001,2.810028100281003,Active,0.0900009000090001,2.810028100281003,Active,0.08000080000800008,2.8200282002820027,"[[ 1  1 -1]
 [-1  0 -1]
 [ 0 -1  1]]",9.66925781712939,"[4.e+00 1.e-03 1.e-01 1.e+01 1.e+00 5.e-01 5.e-01 1.e-01 5.e-01 1.e+00
 5.e-01 5.e-01 1.e-01 5.e-01 5.e-01 5.e-01 5.e-01]",outputs_second_search/solution_10_3_98.npy,"(1, 1, -1, -1, 0, -1, 0, -1, 1)",53,in-between
1.0043330579807637,10.269916805287895,2.0136117257292536,1.004333057980789,10.269916805287956,2.0136117257292767,1.0043330579808079,10.269916805287991,2.013611725729299,5.7447009492966345e-15,1.7096071527877598e-14,2.2644743248240943e-14,Active,0.08000080000800008,2.8200282002820027,Active,0.17000170001700018,5.630056300563006,Active,0.8900089000890009,28.10028100281003,Active,0.8900089000890009,28.10028100281003,Active,0.8900089000890009,28.10028100281003,Active,1.7800178001780018,56.21056210562106,Active,0.8800088000880009,28.11028110281103,"[[ 1  1 -1]
 [-1  0 -1]
 [ 0 -1  1]]",9.749423049493302,"[4.e+00 1.e-03 5.e-01 1.e+01 5.e-01 1.e+00 5.e+00 1.e+00 5.e+00 1.e+02
 5.e+00 5.e+00 1.e+00 5.e-01 5.e+00 1.e+01 5.e+00]",outputs_second_search/solution_10_8_117.npy,"(1, 1, -1, -1, 0, -1, 0, -1, 1)",54,wrong
0.026175011651910093,7.37157176589025,2.0114358563334447,4.642239029820671,9.398624017613551,2.023893250632626,9.208313159474978,10.562340441353623,2.063185077349192,2.964286315154404,0.7051991960216271,0.010334223622157305,Active,0.8800088000880009,28.11028110281103,Active,0.8800088000880009,28.11028110281103,Active,1.7800178001780018,56.21056210562106,Active,1.7800178001780018,56.21056210562106,Active,0.8900089000890009,28.10028100281003,Active,0.8900089000890009,28.10028100281003,Active,1.7700177001770019,56.22056220562206,"[[ 1  1 -1]
 [-1  0 -1]
 [ 0 -1  1]]",12.269868463149809,"[4.e+00 1.e-03 5.e-01 1.e+01 5.e+00 5.e+00 1.e+01 5.e-01 1.e+00 2.e+01
 1.e+01 5.e+00 1.e+00 5.e-01 1.e+02 5.e+00 1.e+01]",outputs_second_search/solution_10_8_133.npy,"(1, 1, -1, -1, 0, -1, 0, -1, 1)",55,in-between
0.05305916562744808,14.360748512243742,2.0049544490999724,3.8802788914769337,17.818706658848043,2.098575360568511,9.73141429656753,21.143216520276628,2.368698349526991,3.0835269423401828,1.7045997670784359,0.08506148563079485,Active,0.8800088000880009,28.11028110281103,Active,0.8800088000880009,28.11028110281103,Active,0.8900089000890009,28.10028100281003,Active,3.5600356003560036,112.43112431124312,Active,1.7800178001780018,56.21056210562106,Active,0.8900089000890009,28.10028100281003,Active,0.8800088000880009,28.11028110281103,"[[ 1  1 -1]
 [-1  0 -1]
 [ 0 -1  1]]",11.8558503417747,"[4.e+00 1.e-03 5.e-01 1.e+01 5.e+00 5.e+00 5.e+00 1.e-03 1.e+00 5.e+01
 2.e+01 1.e+01 1.e+00 5.e-01 2.e+01 5.e+00 5.e+00]",outputs_second_search/solution_10_8_140.npy,"(1, 1, -1, -1, 0, -1, 0, -1, 1)",56,labyrinth
0.046651729734966535,13.887304533790411,11.302301683404169,3.824017698398942,17.71387810203827,12.07180378714224,9.641214874492064,21.249822899788644,44.37594759875655,3.1202101954525356,1.7897818127217477,0.5873249677970614,Active,0.8800088000880009,28.11028110281103,Active,0.8800088000880009,28.11028110281103,Active,4.450044500445005,140.54140541405414,Active,3.5600356003560036,112.43112431124312,Active,4.450044500445005,140.54140541405414,Active,4.450044500445005,140.54140541405414,Active,4.4400444004440045,140.55140551405515,"[[ 1  1 -1]
 [-1  0 -1]
 [ 0 -1  1]]",9.988092556926949,"[4.0e+00 1.0e-03 5.0e-01 1.0e+01 5.0e+00 5.0e+00 2.5e+01 5.0e-01 1.0e+00
 5.0e+01 2.0e+01 2.5e+01 1.0e+00 1.0e-01 5.0e+00 2.5e+01 2.5e+01]",outputs_second_search/solution_10_8_144.npy,"(1, 1, -1, -1, 0, -1, 0, -1, 1)",57,labyrinth
0.04744380552342794,8.240109836455742,4.169484726747193,4.99346008982157,9.592069451686973,4.3260815419626795,9.694066819947526,10.50790792570151,4.574143310988857,3.231493245040342,0.5257231101214067,0.11583696486184673,Active,0.8800088000880009,28.11028110281103,Active,0.8800088000880009,28.11028110281103,Active,1.7800178001780018,56.21056210562106,Active,1.7800178001780018,56.21056210562106,Active,1.7800178001780018,56.21056210562106,Active,1.7800178001780018,56.21056210562106,Active,1.7700177001770019,56.22056220562206,"[[ 1  1 -1]
 [-1  0 -1]
 [ 0 -1  1]]",22.337638913715423,"[4.e+00 1.e-03 5.e-01 1.e+01 5.e+00 5.e+00 1.e+01 1.e-03 5.e-01 1.e+01
 1.e+01 1.e+01 2.e+01 5.e+00 1.e+02 1.e+01 1.e+01]",outputs_second_search/solution_10_8_146.npy,"(1, 1, -1, -1, 0, -1, 0, -1, 1)",58,in-between
0.049065171234214305,14.056155847015807,2.0065738932299095,3.7551242712827273,17.511609018383968,2.2688137882778125,9.121412637043692,21.540238259681267,11.876271602684923,3.1406210357058266,1.815590900059482,0.9615476817851484,Active,0.8800088000880009,28.11028110281103,Active,0.8800088000880009,28.11028110281103,Active,0.8900089000890009,28.10028100281003,Active,3.5600356003560036,112.43112431124312,Active,1.7800178001780018,56.21056210562106,Active,4.450044500445005,140.54140541405414,Active,0.8800088000880009,28.11028110281103,"[[ 1  1 -1]
 [-1  0 -1]
 [ 0 -1  1]]",11.897105015672402,"[4.0e+00 1.0e-03 5.0e-01 1.0e+01 5.0e+00 5.0e+00 5.0e+00 1.0e-03 1.0e+00
 5.0e+01 2.0e+01 1.0e+01 1.0e+00 5.0e-01 2.5e+01 2.5e+01 5.0e+00]",outputs_second_search/solution_10_8_148.npy,"(1, 1, -1, -1, 0, -1, 0, -1, 1)",59,labyrinth
0.04638670544717358,7.686843343296841,2.002447788687526,4.62077771712228,9.344517663278396,2.0287478944895967,9.277342672929194,10.636614523868744,2.0899579549865765,3.0291534731250436,0.7478754989574573,0.026176147022854653,Active,0.8800088000880009,28.11028110281103,Active,0.8800088000880009,28.11028110281103,Active,0.8900089000890009,28.10028100281003,Active,1.7800178001780018,56.21056210562106,Active,0.8900089000890009,28.10028100281003,Active,0.8900089000890009,28.10028100281003,Active,0.8800088000880009,28.11028110281103,"[[ 1  1 -1]
 [-1  0 -1]
 [ 0 -1  1]]",24.344483172090065,"[4.e+00 1.e-03 5.e-01 1.e+01 5.e+00 5.e+00 5.e+00 5.e-01 1.e+00 2.e+01
 1.e+01 5.e+00 1.e+01 5.e+00 1.e+02 5.e+00 5.e+00]",outputs_second_search/solution_10_8_152.npy,"(1, 1, -1, -1, 0, -1, 0, -1, 1)",60,labyrinth
0.06556247404198488,7.487946213604631,0.20000548968147547,4.723776235242384,9.478165727492797,5.726870811319841,9.270408720506945,10.632386158699402,38.09900941242215,2.8614877745982263,0.6855327378515217,11.591988192618235,Active,0.8800088000880009,28.11028110281103,Active,0.8800088000880009,28.11028110281103,Active,0.1800018000180002,5.620056200562006,Active,1.7800178001780018,56.21056210562106,Active,1.7800178001780018,56.21056210562106,Active,17.790177901779018,562.1956219562196,Active,0.17000170001700018,5.630056300563006,"[[ 1  1 -1]
 [-1  0 -1]
 [ 0 -1  1]]",12.276239497323791,"[4.0e+00 1.0e-03 5.0e-01 1.0e+01 5.0e+00 5.0e+00 1.0e+00 1.0e-01 1.0e+00
 2.0e+01 1.0e+01 1.0e+01 1.0e-01 5.0e-01 2.5e+01 1.0e+02 1.0e+00]",outputs_second_search/solution_10_8_159.npy,"(1, 1, -1, -1, 0, -1, 0, -1, 1)",61,in-between
0.0408705654400779,21.28273936143854,10.725855658665527,5.516896315999777,24.47783365416106,10.912308171007744,9.234424794017919,26.348291271821317,11.312544336207608,3.0650036508271623,1.111287364410849,0.12616387768554288,Active,0.8800088000880009,28.11028110281103,Active,0.8800088000880009,28.11028110281103,Active,4.450044500445005,140.54140541405414,Active,4.450044500445005,140.54140541405414,Active,4.450044500445005,140.54140541405414,Active,1.7800178001780018,56.21056210562106,Active,4.4400444004440045,140.55140551405515,"[[ 1  1 -1]
 [-1  0 -1]
 [ 0 -1  1]]",7.969447755888631,"[4.0e+00 1.0e-03 5.0e-01 1.0e+01 5.0e+00 5.0e+00 2.5e+01 5.0e-01 5.0e-01
 5.0e+01 2.5e+01 2.5e+01 1.0e+00 1.0e-01 5.0e+00 1.0e+01 2.5e+01]",outputs_second_search/solution_10_8_161.npy,"(1, 1, -1, -1, 0, -1, 0, -1, 1)",62,in-between
0.04440323416893698,14.584665950423705,11.301547486471778,4.183021689295125,18.26285875291479,11.953660727980182,9.099989773075139,21.31504640147873,13.624090388727934,3.035602091419341,1.6537945296590686,0.4466154410648494,Active,0.8800088000880009,28.11028110281103,Active,0.8800088000880009,28.11028110281103,Active,4.450044500445005,140.54140541405414,Active,3.5600356003560036,112.43112431124312,Active,4.450044500445005,140.54140541405414,Active,3.5600356003560036,112.43112431124312,Active,4.4400444004440045,140.55140551405515,"[[ 1  1 -1]
 [-1  0 -1]
 [ 0 -1  1]]",11.857326245287792,"[4.0e+00 1.0e-03 5.0e-01 1.0e+01 5.0e+00 5.0e+00 2.5e+01 1.0e-01 1.0e+00
 5.0e+01 2.0e+01 2.5e+01 1.0e+01 1.0e+00 5.0e+01 2.0e+01 2.5e+01]",outputs_second_search/solution_10_8_170.npy,"(1, 1, -1, -1, 0, -1, 0, -1, 1)",63,in-between
0.03840492593387689,13.703806258818702,2.000721154628416,3.6893234380496676,17.367502646815254,2.002264979881141,9.357754539049504,20.927950251926646,2.005622235518928,3.159631994773802,1.710411828616773,0.001049412886082313,Active,0.8800088000880009,28.11028110281103,Active,0.8800088000880009,28.11028110281103,Active,1.7800178001780018,56.21056210562106,Active,3.5600356003560036,112.43112431124312,Active,0.8900089000890009,28.10028100281003,Active,1.7800178001780018,56.21056210562106,Active,1.7700177001770019,56.22056220562206,"[[ 1  1 -1]
 [-1  0 -1]
 [ 0 -1  1]]",12.206187275949185,"[4.e+00 1.e-03 5.e-01 1.e+01 5.e+00 5.e+00 1.e+01 5.e-01 1.e+00 5.e+01
 2.e+01 5.e+00 1.e+00 5.e-01 1.e+02 1.e+01 1.e+01]",outputs_second_search/solution_10_8_171.npy,"(1, 1, -1, -1, 0, -1, 0, -1, 1)",64,labyrinth
0.2305607874944869,0.5672109012649919,0.20003368708255523,0.6921798671247767,0.8664347023735027,0.20119768329228324,1.2400549802469023,1.053754497883686,0.21136672984645,0.2541472999073544,0.09061687735485338,0.001233678533106647,Active,0.17000170001700018,5.630056300563006,Active,0.08000080000800008,2.8200282002820027,Active,0.0900009000090001,2.810028100281003,Active,0.0900009000090001,2.810028100281003,Active,0.0900009000090001,2.810028100281003,Active,0.1800018000180002,5.620056200562006,Active,0.08000080000800008,2.8200282002820027,"[[ 1  1 -1]
 [-1  0 -1]
 [ 0 -1  1]]",17.27087398038192,"[4.0e+00 1.0e-03 5.0e-01 2.0e+01 1.0e+00 5.0e-01 5.0e-01 5.0e+00 2.5e+01
 2.5e+01 5.0e-01 5.0e-01 1.0e-01 5.0e-01 5.0e-01 1.0e+00 5.0e-01]",outputs_second_search/solution_10_8_186.npy,"(1, 1, -1, -1, 0, -1, 0, -1, 1)",65,spot
0.2126045697972824,0.8616549275556352,2.601034971022514,1.037767024301449,1.0107063317765392,10.04936203927917,1.6436829133054052,1.084761642265684,20.142061767142977,0.4075220347716395,0.04858695611172611,6.366361636826911,Active,0.17000170001700018,5.630056300563006,Active,0.08000080000800008,2.8200282002820027,Active,0.1800018000180002,5.620056200562006,Active,0.0900009000090001,2.810028100281003,Active,0.8900089000890009,28.10028100281003,Active,8.90008900089001,281.0928109281093,Active,0.08000080000800008,2.8200282002820027,"[[ 1  1 -1]
 [-1  0 -1]
 [ 0 -1  1]]",73.10057784219177,"[4.e+00 1.e-03 5.e-01 2.e+01 1.e+00 5.e-01 1.e+00 1.e+00 5.e+00 5.e+00
 5.e-01 5.e+00 1.e+00 5.e+00 1.e+02 5.e+01 5.e-01]",outputs_second_search/solution_10_8_199.npy,"(1, 1, -1, -1, 0, -1, 0, -1, 1)",66,labyrinth
0.010434641690419544,11.193129881255672,0.10000002854253226,0.4949016168870741,83.48152768704423,0.5456111635340626,3.110441719450856,155.5055413450763,20.60524243811993,0.7278185566037285,43.11224356967301,2.1469992324902933,Active,0.08000080000800008,2.8200282002820027,Active,0.01000010000100001,0.5700057000570006,Active,0.1800018000180002,5.620056200562006,Active,3.5600356003560036,112.43112431124312,Active,1.7800178001780018,56.21056210562106,Active,0.8900089000890009,28.10028100281003,Active,0.08000080000800008,2.8200282002820027,"[[ 1  1 -1]
 [-1  0 -1]
 [ 0 -1  1]]",27.558360829503325,"[4.e+00 1.e-03 1.e-01 1.e+02 5.e-01 1.e-01 1.e+00 1.e-03 5.e-01 1.e+02
 2.e+01 1.e+01 1.e-01 1.e+00 5.e+01 5.e+00 5.e-01]",outputs_second_search/solution_10_8_23.npy,"(1, 1, -1, -1, 0, -1, 0, -1, 1)",67,in-between
0.025742704787206017,8.878879753912319,0.20103241568339728,0.4173111601213959,9.868875630936158,0.20196490311596044,0.8326551258702439,10.754224406452712,0.2030991637810842,0.25414127572195416,0.5089121892034378,0.0005673786464445963,Active,0.08000080000800008,2.8200282002820027,Active,0.08000080000800008,2.8200282002820027,Active,0.1800018000180002,5.620056200562006,Active,0.8900089000890009,28.10028100281003,Active,0.8900089000890009,28.10028100281003,Active,0.1800018000180002,5.620056200562006,Active,0.17000170001700018,5.630056300563006,"[[ 1  1 -1]
 [-1  0 -1]
 [ 0 -1  1]]",11.217007949025527,"[4.0e+00 1.0e-03 5.0e-01 1.0e+01 5.0e-01 5.0e-01 1.0e+00 1.0e-01 1.0e+00
 2.5e+01 5.0e+00 5.0e+00 1.0e-01 5.0e-01 1.0e+01 1.0e+00 1.0e+00]",outputs_second_search/solution_10_8_51.npy,"(1, 1, -1, -1, 0, -1, 0, -1, 1)",68,in-between
0.015562584389277474,9.38002745567024,2.023017536678338,0.5098874159115486,10.252505152770407,2.0285430145282217,0.9076955632606202,10.785882534471027,2.040294806394479,0.2754662720243704,0.33906082372547847,0.003986368788656731,Active,0.08000080000800008,2.8200282002820027,Active,0.08000080000800008,2.8200282002820027,Active,0.8900089000890009,28.10028100281003,Active,0.8900089000890009,28.10028100281003,Active,0.8900089000890009,28.10028100281003,Active,1.7800178001780018,56.21056210562106,Active,0.8800088000880009,28.11028110281103,"[[ 1  1 -1]
 [-1  0 -1]
 [ 0 -1  1]]",10.076975408750537,"[4.e+00 1.e-03 5.e-01 1.e+01 5.e-01 5.e-01 5.e+00 1.e-03 5.e-01 1.e+01
 5.e+00 5.e+00 1.e+00 5.e-01 1.e+01 1.e+01 5.e+00]",outputs_second_search/solution_10_8_95.npy,"(1, 1, -1, -1, 0, -1, 0, -1, 1)",69,in-between
0.04677186941077478,1.152729831053951,4.348294380611767,0.5709238932691407,1.6641203910506273,16.152626932542336,1.3844187126231045,2.1082432691921085,20.143790801031358,0.37762358316160577,0.18563943627283153,5.2400891444542514,Active,0.17000170001700018,5.630056300563006,Active,0.08000080000800008,2.8200282002820027,Active,0.1800018000180002,5.620056200562006,Active,0.1800018000180002,5.620056200562006,Active,0.8900089000890009,28.10028100281003,Active,3.5600356003560036,112.43112431124312,Active,0.17000170001700018,5.630056300563006,"[[ 1  1 -1]
 [-1  0 -1]
 [ 0 -1  1]]",27.53155840504729,"[4.e+00 1.e-03 5.e-01 2.e+01 1.e+00 5.e-01 1.e+00 1.e+00 5.e+00 2.e+01
 1.e+00 5.e+00 1.e-01 5.e-01 1.e+01 2.e+01 1.e+00]",outputs_second_search/solution_10_9_0.npy,"(1, 1, -1, -1, 0, -1, 0, -1, 1)",70,spot
0.11840690121337141,3.8949803426585903,0.20000268180903374,2.316371813115863,5.191225073210746,0.30631639355959706,7.096905605615703,7.12779712972141,14.829153357001355,2.019495982829641,0.7621028166229625,1.117409682136887,Active,0.8800088000880009,28.11028110281103,Active,0.8800088000880009,28.11028110281103,Active,0.1800018000180002,5.620056200562006,Active,0.8900089000890009,28.10028100281003,Active,0.8900089000890009,28.10028100281003,Active,8.90008900089001,281.0928109281093,Active,0.17000170001700018,5.630056300563006,"[[ 1  1 -1]
 [-1  0 -1]
 [ 0 -1  1]]",15.453647183563731,"[4.0e+00 1.0e-03 5.0e-01 2.5e+01 5.0e+00 5.0e+00 1.0e+00 1.0e+01 5.0e+00
 1.0e+02 5.0e+00 5.0e+00 1.0e-01 5.0e-01 1.0e+01 5.0e+01 1.0e+00]",outputs_second_search/solution_10_9_102.npy,"(1, 1, -1, -1, 0, -1, 0, -1, 1)",71,in-between
9.955596444666135,13.849724758219905,12.714141805657608,9.972104002225912,13.88451315286136,17.52529342071422,10.024613176728884,13.892266186683864,52.28012663303033,0.007185229442858235,0.004054713153800757,10.798214357979537,Active,0.8800088000880009,28.11028110281103,Active,1.7700177001770019,56.22056220562206,Active,4.450044500445005,140.54140541405414,Active,1.7800178001780018,56.21056210562106,Active,4.450044500445005,140.54140541405414,Active,17.790177901779018,562.1956219562196,Active,4.4400444004440045,140.55140551405515,"[[ 1  1 -1]
 [-1  0 -1]
 [ 0 -1  1]]",8.763122147619601,"[4.0e+00 1.0e-03 5.0e-01 2.5e+01 5.0e+00 1.0e+01 2.5e+01 2.0e+01 5.0e+00
 1.0e+02 1.0e+01 2.5e+01 1.0e+00 1.0e-01 5.0e+00 1.0e+02 2.5e+01]",outputs_second_search/solution_10_9_103.npy,"(1, 1, -1, -1, 0, -1, 0, -1, 1)",72,odd
0.08888269874206933,23.491707121254333,2.000269529285945,1.045151552721145,26.150303963806444,2.0003365565210887,1.5199184465536233,27.553152197754265,2.0005117703676816,0.4137062740943351,0.9111202426972979,5.118661476789721e-05,Active,0.17000170001700018,5.630056300563006,Active,0.17000170001700018,5.630056300563006,Active,0.8900089000890009,28.10028100281003,Active,1.7800178001780018,56.21056210562106,Active,0.8900089000890009,28.10028100281003,Active,0.8900089000890009,28.10028100281003,Active,0.8800088000880009,28.11028110281103,"[[ 1  1 -1]
 [-1  0 -1]
 [ 0 -1  1]]",9.904544866263358,"[4.e+00 1.e-03 5.e-01 5.e+01 1.e+00 1.e+00 5.e+00 1.e-01 1.e+00 5.e+01
 1.e+01 5.e+00 1.e+00 5.e-01 5.e+00 5.e+00 5.e+00]",outputs_second_search/solution_10_9_110.npy,"(1, 1, -1, -1, 0, -1, 0, -1, 1)",73,spot
0.08247115584914878,23.42741267119668,2.0005387182300076,1.0453339605315823,26.14246634817605,2.000674563932675,1.5304574915245657,27.556481985183122,2.001035714412687,0.4169692282671166,0.9116304799204034,0.0001028966684116918,Active,0.17000170001700018,5.630056300563006,Active,0.17000170001700018,5.630056300563006,Active,0.8900089000890009,28.10028100281003,Active,1.7800178001780018,56.21056210562106,Active,0.8900089000890009,28.10028100281003,Active,0.8900089000890009,28.10028100281003,Active,0.8800088000880009,28.11028110281103,"[[ 1  1 -1]
 [-1  0 -1]
 [ 0 -1  1]]",23.40044906080463,"[4.e+00 1.e-03 5.e-01 5.e+01 1.e+00 1.e+00 5.e+00 1.e-01 1.e+00 5.e+01
 1.e+01 5.e+00 1.e+01 5.e+00 1.e+02 5.e+00 5.e+00]",outputs_second_search/solution_10_9_122.npy,"(1, 1, -1, -1, 0, -1, 0, -1, 1)",74,spot
0.031007360695420257,23.80715886826267,0.200003899184146,1.0272707823767098,26.05667776534024,0.20002281406143307,1.7574573291207012,27.314298201465178,0.20006210413266848,0.5270907833146146,0.7780884235448691,1.890632919235865e-05,Active,0.17000170001700018,5.630056300563006,Active,0.17000170001700018,5.630056300563006,Active,0.1800018000180002,5.620056200562006,Active,1.7800178001780018,56.21056210562106,Active,0.8900089000890009,28.10028100281003,Active,0.1800018000180002,5.620056200562006,Active,0.17000170001700018,5.630056300563006,"[[ 1  1 -1]
 [-1  0 -1]
 [ 0 -1  1]]",10.067161099498072,"[4.0e+00 1.0e-03 5.0e-01 5.0e+01 1.0e+00 1.0e+00 1.0e+00 1.0e-01 5.0e-01
 2.5e+01 1.0e+01 5.0e+00 1.0e-01 5.0e-01 1.0e+01 1.0e+00 1.0e+00]",outputs_second_search/solution_10_9_132.npy,"(1, 1, -1, -1, 0, -1, 0, -1, 1)",75,in-between
0.1280874651374494,9.112237681736747,10.89283208737189,0.7123621989605534,11.495501065250446,16.64140162700587,1.5234310651557927,13.457822355282744,25.64372077843375,0.40512788503160074,0.9060602569323969,2.9748608435756303,Active,0.17000170001700018,5.630056300563006,Active,0.08000080000800008,2.8200282002820027,Active,0.8900089000890009,28.10028100281003,Active,0.8900089000890009,28.10028100281003,Active,1.7800178001780018,56.21056210562106,Active,8.90008900089001,281.0928109281093,Active,0.8800088000880009,28.11028110281103,"[[ 1  1 -1]
 [-1  0 -1]
 [ 0 -1  1]]",20.285934801685652,"[4.e+00 1.e-03 5.e-01 5.e+01 1.e+00 5.e-01 5.e+00 1.e-01 5.e+00 1.e+02
 5.e+00 1.e+01 1.e+00 5.e-01 2.e+01 5.e+01 5.e+00]",outputs_second_search/solution_10_9_135.npy,"(1, 1, -1, -1, 0, -1, 0, -1, 1)",76,spot
0.0445377634758484,1.4739629614821108,0.2000010688368386,0.4974187488071106,2.056238834652953,0.2001475050463837,1.431154363281841,2.615675464188438,0.20066078776775687,0.3734432072354799,0.21678305943649223,0.00011275764097388911,Active,0.17000170001700018,5.630056300563006,Active,0.08000080000800008,2.8200282002820027,Active,0.0900009000090001,2.810028100281003,Active,0.1800018000180002,5.620056200562006,Active,0.0900009000090001,2.810028100281003,Active,0.1800018000180002,5.620056200562006,Active,0.08000080000800008,2.8200282002820027,"[[ 1  1 -1]
 [-1  0 -1]
 [ 0 -1  1]]",26.14732652863544,"[4.0e+00 1.0e-03 5.0e-01 5.0e+01 1.0e+00 5.0e-01 5.0e-01 1.0e+00 5.0e+00
 2.5e+01 1.0e+00 5.0e-01 1.0e+00 5.0e+00 1.0e+01 1.0e+00 5.0e-01]",outputs_second_search/solution_10_9_137.npy,"(1, 1, -1, -1, 0, -1, 0, -1, 1)",77,spot
0.05186844360162275,1.5405043072497153,0.4002100146305188,0.5110756100703917,2.0700476628945204,0.4026801225391862,1.4376183706600412,2.6227114023545326,0.40814360174664743,0.38534415004205574,0.22807247892999066,0.0014756033621514371,Active,0.17000170001700018,5.630056300563006,Active,0.08000080000800008,2.8200282002820027,Active,0.1800018000180002,5.620056200562006,Active,0.1800018000180002,5.620056200562006,Active,0.1800018000180002,5.620056200562006,Active,0.1800018000180002,5.620056200562006,Active,0.17000170001700018,5.630056300563006,"[[ 1  1 -1]
 [-1  0 -1]
 [ 0 -1  1]]",69.65954117211224,"[4.0e+00 1.0e-03 5.0e-01 5.0e+01 1.0e+00 5.0e-01 1.0e+00 1.0e+00 5.0e+00
 2.5e+01 1.0e+00 1.0e+00 2.0e+01 5.0e+01 1.0e+02 1.0e+00 1.0e+00]",outputs_second_search/solution_10_9_152.npy,"(1, 1, -1, -1, 0, -1, 0, -1, 1)",78,spot
0.033802807810622115,23.986198236111132,2.0002739119659427,1.0473021223245025,26.107128569628074,2.000337245138576,1.7360261343432029,27.425950035398113,2.0004707522994094,0.5305939916787482,0.7657878481069115,4.2908511874051504e-05,Active,0.17000170001700018,5.630056300563006,Active,0.17000170001700018,5.630056300563006,Active,0.8900089000890009,28.10028100281003,Active,1.7800178001780018,56.21056210562106,Active,0.8900089000890009,28.10028100281003,Active,0.8900089000890009,28.10028100281003,Active,0.8800088000880009,28.11028110281103,"[[ 1  1 -1]
 [-1  0 -1]
 [ 0 -1  1]]",23.41585694841264,"[4.0e+00 1.0e-03 5.0e-01 5.0e+01 1.0e+00 1.0e+00 5.0e+00 1.0e-01 5.0e-01
 2.5e+01 1.0e+01 5.0e+00 1.0e+01 5.0e+00 5.0e+01 5.0e+00 5.0e+00]",outputs_second_search/solution_10_9_158.npy,"(1, 1, -1, -1, 0, -1, 0, -1, 1)",79,spot
0.020397152515232362,0.5367112678363758,0.20009714089580163,0.20295438466986343,0.6903201263619061,0.20644458833930532,0.9157592109239686,1.0601829350115446,0.2139315114070966,0.20129120469151898,0.09817884336621621,0.002926997710062205,Active,0.17000170001700018,5.630056300563006,Active,0.17000170001700018,5.630056300563006,Active,0.0900009000090001,2.810028100281003,Active,0.0900009000090001,2.810028100281003,Active,0.0900009000090001,2.810028100281003,Active,0.1800018000180002,5.620056200562006,Active,0.08000080000800008,2.8200282002820027,"[[ 1  1 -1]
 [-1  0 -1]
 [ 0 -1  1]]",51.58010690642497,"[4.0e+00 1.0e-03 5.0e-01 5.0e+01 1.0e+00 1.0e+00 5.0e-01 1.0e+00 5.0e+00
 1.0e+02 5.0e-01 5.0e-01 5.0e+00 2.5e+01 2.5e+01 1.0e+00 5.0e-01]",outputs_second_search/solution_10_9_165.npy,"(1, 1, -1, -1, 0, -1, 0, -1, 1)",80,spot
0.12221027085826801,9.030690623400803,2.00461108659463,0.7072500411828007,11.468317784480712,2.0094099658678557,1.522175838264279,13.507471289288558,2.022390178656647,0.40591952876325166,0.9261314026754248,0.0029857910920744486,Active,0.17000170001700018,5.630056300563006,Active,0.08000080000800008,2.8200282002820027,Active,0.8900089000890009,28.10028100281003,Active,0.8900089000890009,28.10028100281003,Active,0.8900089000890009,28.10028100281003,Active,1.7800178001780018,56.21056210562106,Active,0.8800088000880009,28.11028110281103,"[[ 1  1 -1]
 [-1  0 -1]
 [ 0 -1  1]]",33.30384474148117,"[4.e+00 1.e-03 5.e-01 5.e+01 1.e+00 5.e-01 5.e+00 1.e-03 5.e+00 1.e+02
 5.e+00 5.e+00 2.e+01 1.e+01 1.e+02 1.e+01 5.e+00]",outputs_second_search/solution_10_9_170.npy,"(1, 1, -1, -1, 0, -1, 0, -1, 1)",81,spot
0.05310132938053541,22.818710965380816,0.2000971961122001,1.0237934627538883,26.061901365712153,0.2003642424504412,1.507731875151179,27.48335761789945,0.2011753445797899,0.4243135795473844,0.9552177462143586,0.00029316442411425077,Active,0.17000170001700018,5.630056300563006,Active,0.17000170001700018,5.630056300563006,Active,0.1800018000180002,5.620056200562006,Active,1.7800178001780018,56.21056210562106,Active,0.8900089000890009,28.10028100281003,Active,0.1800018000180002,5.620056200562006,Active,0.08000080000800008,2.8200282002820027,"[[ 1  1 -1]
 [-1  0 -1]
 [ 0 -1  1]]",10.033622638372687,"[4.e+00 1.e-03 5.e-01 5.e+01 1.e+00 1.e+00 1.e+00 1.e-01 1.e+00 5.e+01
 1.e+01 5.e+00 1.e-01 5.e-01 1.e+01 1.e+00 5.e-01]",outputs_second_search/solution_10_9_172.npy,"(1, 1, -1, -1, 0, -1, 0, -1, 1)",82,spot
27.787900434521102,39.43382829651037,10.07040942697925,27.78790158970687,39.43382874635227,10.07061505251493,27.78790269901184,39.4338292294034,10.070858318191146,3.372000493261901e-07,1.2760252409687834e-07,5.9599402148551584e-05,Active,0.8800088000880009,28.11028110281103,Active,4.4400444004440045,140.55140551405515,Active,4.450044500445005,140.54140541405414,Active,4.450044500445005,140.54140541405414,Active,4.450044500445005,140.54140541405414,Active,4.450044500445005,140.54140541405414,Active,4.4400444004440045,140.55140551405515,"[[ 1  1 -1]
 [-1  0 -1]
 [ 0 -1  1]]",9.021327297029702,"[4.0e+00 1.0e-03 5.0e-01 1.0e+02 5.0e+00 2.5e+01 2.5e+01 5.0e+00 5.0e-01
 2.5e+01 2.5e+01 2.5e+01 1.0e+00 1.0e-01 5.0e+00 2.5e+01 2.5e+01]",outputs_second_search/solution_10_9_187.npy,"(1, 1, -1, -1, 0, -1, 0, -1, 1)",83,wrong
10.145988575312712,20.487514736378646,11.36748737900199,10.145990049516104,20.48751547158009,11.382626006062178,10.14599147482081,20.487516067877216,11.435050620242091,4.09485754721891e-07,1.6076968942505308e-07,0.005747318294274506,Active,0.8800088000880009,28.11028110281103,Active,3.550035500355004,112.44112441124412,Active,4.450044500445005,140.54140541405414,Active,1.7800178001780018,56.21056210562106,Active,4.450044500445005,140.54140541405414,Active,8.90008900089001,281.0928109281093,Active,4.4400444004440045,140.55140551405515,"[[ 1  1 -1]
 [-1  0 -1]
 [ 0 -1  1]]",7.8211100669812,"[4.0e+00 1.0e-03 5.0e-01 1.0e+02 5.0e+00 2.0e+01 2.5e+01 5.0e-01 1.0e-01
 2.5e+01 1.0e+01 2.5e+01 1.0e+00 1.0e-01 5.0e+00 5.0e+01 2.5e+01]",outputs_second_search/solution_10_9_188.npy,"(1, 1, -1, -1, 0, -1, 0, -1, 1)",84,wrong
0.12191917869183595,46.45761828161398,10.055099161550972,5.105436472682627,51.28570718847823,10.068946051864717,8.744547075955879,54.19739918160566,10.099729506997733,2.7381576075126297,1.7058907863569917,0.009700284520235533,Active,0.8800088000880009,28.11028110281103,Active,0.8800088000880009,28.11028110281103,Active,4.450044500445005,140.54140541405414,Active,4.450044500445005,140.54140541405414,Active,4.450044500445005,140.54140541405414,Active,4.450044500445005,140.54140541405414,Active,4.4400444004440045,140.55140551405515,"[[ 1  1 -1]
 [-1  0 -1]
 [ 0 -1  1]]",10.571030391839734,"[4.0e+00 1.0e-03 5.0e-01 1.0e+02 5.0e+00 5.0e+00 2.5e+01 5.0e-01 5.0e-01
 5.0e+01 2.5e+01 2.5e+01 5.0e+00 5.0e-01 2.5e+01 2.5e+01 2.5e+01]",outputs_second_search/solution_10_9_192.npy,"(1, 1, -1, -1, 0, -1, 0, -1, 1)",85,in-between
0.09318447264177679,92.17835411746196,10.003486027324481,5.082741469267191,102.36255229134716,10.004468856621914,8.743667264372517,108.54364956279649,10.006730954363727,2.774915584364519,3.5055350630131703,0.0006608740579223029,Active,0.8800088000880009,28.11028110281103,Active,0.8800088000880009,28.11028110281103,Active,4.450044500445005,140.54140541405414,Active,8.90008900089001,281.0928109281093,Active,4.450044500445005,140.54140541405414,Active,8.90008900089001,281.0928109281093,Active,4.4400444004440045,140.55140551405515,"[[ 1  1 -1]
 [-1  0 -1]
 [ 0 -1  1]]",12.412797799828342,"[4.0e+00 1.0e-03 5.0e-01 1.0e+02 5.0e+00 5.0e+00 2.5e+01 1.0e-01 5.0e-01
 1.0e+02 5.0e+01 2.5e+01 1.0e+01 1.0e+00 5.0e+01 5.0e+01 2.5e+01]",outputs_second_search/solution_10_9_193.npy,"(1, 1, -1, -1, 0, -1, 0, -1, 1)",86,in-between
0.013670969987747698,1.2098690137155992,0.20041789658718978,0.5431426157152661,1.3106414506910915,0.20058398762996982,0.8458031294544596,1.3700125167887443,0.20092236281296014,0.2713037183351222,0.03706541996247245,0.00014584829999671545,Active,0.08000080000800008,2.8200282002820027,Active,0.08000080000800008,2.8200282002820027,Active,0.1800018000180002,5.620056200562006,Active,0.0900009000090001,2.810028100281003,Active,0.0900009000090001,2.810028100281003,Active,0.1800018000180002,5.620056200562006,Active,0.17000170001700018,5.630056300563006,"[[ 1  1 -1]
 [-1  0 -1]
 [ 0 -1  1]]",24.670039870974957,"[4.0e+00 1.0e-03 5.0e-01 2.5e+01 5.0e-01 5.0e-01 1.0e+00 1.0e-01 5.0e-01
 1.0e+00 5.0e-01 5.0e-01 1.0e+00 5.0e+00 1.0e+02 1.0e+00 1.0e+00]",outputs_second_search/solution_10_9_31.npy,"(1, 1, -1, -1, 0, -1, 0, -1, 1)",87,spot
0.03724609166643443,23.13167047107006,0.20111386343238521,0.514209218141052,26.07459010100869,0.20160094969879166,0.795455179319332,27.517384893128714,0.2028466860029859,0.21257499635835084,0.9524959061335073,0.0003990072271147984,Active,0.08000080000800008,2.8200282002820027,Active,0.08000080000800008,2.8200282002820027,Active,0.1800018000180002,5.620056200562006,Active,1.7800178001780018,56.21056210562106,Active,1.7800178001780018,56.21056210562106,Active,0.1800018000180002,5.620056200562006,Active,0.17000170001700018,5.630056300563006,"[[ 1  1 -1]
 [-1  0 -1]
 [ 0 -1  1]]",9.8126532905304,"[4.0e+00 1.0e-03 5.0e-01 2.5e+01 5.0e-01 5.0e-01 1.0e+00 1.0e-03 1.0e+00
 5.0e+01 1.0e+01 1.0e+01 1.0e-01 5.0e-01 2.5e+01 1.0e+00 1.0e+00]",outputs_second_search/solution_10_9_38.npy,"(1, 1, -1, -1, 0, -1, 0, -1, 1)",88,spot
0.023027413433686836,1.2237006796690635,0.20378950106038768,0.5761188650904336,1.3204831300562487,0.5400466737411298,0.8220873311273165,1.3765181592560378,1.73146770044198,0.24508212533968032,0.0332324376479937,0.5598641545786345,Active,0.08000080000800008,2.8200282002820027,Active,0.08000080000800008,2.8200282002820027,Active,0.0900009000090001,2.810028100281003,Active,0.0900009000090001,2.810028100281003,Active,0.1800018000180002,5.620056200562006,Active,0.0900009000090001,2.810028100281003,Active,0.08000080000800008,2.8200282002820027,"[[ 1  1 -1]
 [-1  0 -1]
 [ 0 -1  1]]",22.84377584245353,"[4.0e+00 1.0e-03 5.0e-01 2.5e+01 5.0e-01 5.0e-01 5.0e-01 1.0e-01 5.0e-01
 1.0e+00 5.0e-01 1.0e+00 1.0e+00 5.0e+00 2.5e+01 5.0e-01 5.0e-01]",outputs_second_search/solution_10_9_48.npy,"(1, 1, -1, -1, 0, -1, 0, -1, 1)",89,spot
6.871723652723516,14.021372610447004,13.100593503761885,7.3875933303988806,14.639004266845099,21.027185636383443,8.658131645285437,14.830891640880932,52.69329896983983,0.2087873661172248,0.0915247554568111,15.620650000420472,Active,0.8800088000880009,28.11028110281103,Active,0.8800088000880009,28.11028110281103,Active,4.450044500445005,140.54140541405414,Active,1.7800178001780018,56.21056210562106,Active,4.450044500445005,140.54140541405414,Active,8.90008900089001,281.0928109281093,Active,4.4400444004440045,140.55140551405515,"[[ 1  1 -1]
 [-1  0 -1]
 [ 0 -1  1]]",9.193078151444906,"[4.0e+00 1.0e-03 5.0e-01 2.5e+01 5.0e+00 5.0e+00 2.5e+01 1.0e-03 5.0e+00
 1.0e+02 1.0e+01 2.5e+01 5.0e+00 5.0e-01 2.5e+01 5.0e+01 2.5e+01]",outputs_second_search/solution_10_9_56.npy,"(1, 1, -1, -1, 0, -1, 0, -1, 1)",90,odd
0.10171493181852732,25.274960467941792,2.000026611192831,5.45222066907419,27.946403518504884,2.000126007416541,8.32402225267483,29.294756846159483,2.0003819914045273,2.729180638974651,0.8709073446327676,0.00011468987565880306,Active,0.8800088000880009,28.11028110281103,Active,0.8800088000880009,28.11028110281103,Active,0.8900089000890009,28.10028100281003,Active,3.5600356003560036,112.43112431124312,Active,0.8900089000890009,28.10028100281003,Active,1.7800178001780018,56.21056210562106,Active,0.8800088000880009,28.11028110281103,"[[ 1  1 -1]
 [-1  0 -1]
 [ 0 -1  1]]",32.64014771861103,"[4.0e+00 1.0e-03 5.0e-01 2.5e+01 5.0e+00 5.0e+00 5.0e+00 1.0e-01 5.0e-01
 2.5e+01 2.0e+01 5.0e+00 2.0e+01 1.0e+01 1.0e+02 1.0e+01 5.0e+00]",outputs_second_search/solution_10_9_57.npy,"(1, 1, -1, -1, 0, -1, 0, -1, 1)",91,spot
0.07736110724355594,6.218022284615991,20.10065075803197,0.539875677041185,8.212838210351476,29.36875783179758,1.4439166573694222,10.437599132377441,36.859902411344095,0.38292722005173596,0.8919223622538934,3.707292670769566,Active,0.17000170001700018,5.630056300563006,Active,0.08000080000800008,2.8200282002820027,Active,0.8900089000890009,28.10028100281003,Active,0.8900089000890009,28.10028100281003,Active,1.7800178001780018,56.21056210562106,Active,17.790177901779018,562.1956219562196,Active,0.8800088000880009,28.11028110281103,"[[ 1  1 -1]
 [-1  0 -1]
 [ 0 -1  1]]",17.667016075796468,"[4.e+00 1.e-03 5.e-01 2.e+01 1.e+00 5.e-01 5.e+00 1.e-03 5.e+00 1.e+02
 5.e+00 1.e+01 1.e+00 5.e-01 2.e+01 1.e+02 5.e+00]",outputs_second_search/solution_10_9_5.npy,"(1, 1, -1, -1, 0, -1, 0, -1, 1)",92,spot
22.476170750330795,26.139903324491467,26.828211228516178,22.56213457899371,26.223166898350463,53.1177052877363,22.714121504256475,26.27077017207198,104.89580316235212,0.039536509303442005,0.0210883698863116,36.711078729923095,Active,0.8800088000880009,28.11028110281103,Active,4.4400444004440045,140.55140551405515,Active,8.90008900089001,281.0928109281093,Active,4.450044500445005,140.54140541405414,Active,8.90008900089001,281.0928109281093,Active,17.790177901779018,562.1956219562196,Active,8.89008890088901,281.1028110281103,"[[ 1  1 -1]
 [-1  0 -1]
 [ 0 -1  1]]",7.023700165999671,"[4.0e+00 1.0e-03 5.0e-01 2.5e+01 5.0e+00 2.5e+01 5.0e+01 1.0e+00 1.0e-01
 5.0e+00 2.5e+01 5.0e+01 1.0e+01 5.0e-01 5.0e+01 1.0e+02 5.0e+01]",outputs_second_search/solution_10_9_61.npy,"(1, 1, -1, -1, 0, -1, 0, -1, 1)",93,odd
0.1327038446762556,4.029504276156166,0.2000257131740825,2.3480686938390267,5.22309926786374,17.09530669078844,7.101133577864123,7.13661322265012,48.906046382515036,2.00692507132256,0.7456198995304407,19.462916930847687,Active,0.8800088000880009,28.11028110281103,Active,0.8800088000880009,28.11028110281103,Active,0.1800018000180002,5.620056200562006,Active,0.8900089000890009,28.10028100281003,Active,1.7800178001780018,56.21056210562106,Active,4.450044500445005,140.54140541405414,Active,0.17000170001700018,5.630056300563006,"[[ 1  1 -1]
 [-1  0 -1]
 [ 0 -1  1]]",15.44061892708438,"[4.0e+00 1.0e-03 5.0e-01 2.5e+01 5.0e+00 5.0e+00 1.0e+00 1.0e+01 5.0e+00
 1.0e+02 5.0e+00 1.0e+01 1.0e-01 5.0e-01 2.5e+01 2.5e+01 1.0e+00]",outputs_second_search/solution_10_9_64.npy,"(1, 1, -1, -1, 0, -1, 0, -1, 1)",94,in-between
0.037423163666820664,9.438467184105617,2.011205569504232,1.0061976706628362,10.241700122213436,2.0138535118135508,1.718795945284094,10.779414367103328,2.0189038367144976,0.5458295056445072,0.3155414193671997,0.0017905735362131851,Active,0.17000170001700018,5.630056300563006,Active,0.17000170001700018,5.630056300563006,Active,0.8900089000890009,28.10028100281003,Active,0.8900089000890009,28.10028100281003,Active,0.8900089000890009,28.10028100281003,Active,1.7800178001780018,56.21056210562106,Active,0.8800088000880009,28.11028110281103,"[[ 1  1 -1]
 [-1  0 -1]
 [ 0 -1  1]]",23.56544799610814,"[4.e+00 1.e-03 5.e-01 2.e+01 1.e+00 1.e+00 5.e+00 1.e-01 5.e-01 1.e+01
 5.e+00 5.e+00 1.e+01 5.e+00 5.e+01 1.e+01 5.e+00]",outputs_second_search/solution_10_9_6.npy,"(1, 1, -1, -1, 0, -1, 0, -1, 1)",95,in-between
0.24162778954979,12.254181656361085,2.003263808643234,5.194778877403699,13.89382759152566,2.0048443071289883,8.360593838596985,14.791800927133039,2.008760858189488,2.3778505892975588,0.5751597054012351,0.0013623399083879549,Active,0.8800088000880009,28.11028110281103,Active,0.8800088000880009,28.11028110281103,Active,1.7800178001780018,56.21056210562106,Active,1.7800178001780018,56.21056210562106,Active,0.8900089000890009,28.10028100281003,Active,0.8900089000890009,28.10028100281003,Active,1.7700177001770019,56.22056220562206,"[[ 1  1 -1]
 [-1  0 -1]
 [ 0 -1  1]]",12.218497280371844,"[4.0e+00 1.0e-03 5.0e-01 2.5e+01 5.0e+00 5.0e+00 1.0e+01 1.0e+00 1.0e+00
 2.5e+01 1.0e+01 5.0e+00 1.0e+00 5.0e-01 1.0e+02 5.0e+00 1.0e+01]",outputs_second_search/solution_10_9_72.npy,"(1, 1, -1, -1, 0, -1, 0, -1, 1)",96,spot
0.1764865535909639,25.73111172868786,2.0021208502167225,5.5872149720313535,28.06591411516447,2.009593280031085,8.33944906663165,29.355020542646177,2.029460063304342,2.609051796741667,0.7636643579618941,0.008869858237354,Active,0.8800088000880009,28.11028110281103,Active,0.8800088000880009,28.11028110281103,Active,0.8900089000890009,28.10028100281003,Active,3.5600356003560036,112.43112431124312,Active,1.7800178001780018,56.21056210562106,Active,0.8900089000890009,28.10028100281003,Active,0.8800088000880009,28.11028110281103,"[[ 1  1 -1]
 [-1  0 -1]
 [ 0 -1  1]]",10.596825984394513,"[4.0e+00 1.0e-03 5.0e-01 2.5e+01 5.0e+00 5.0e+00 5.0e+00 1.0e-01 5.0e-01
 2.5e+01 2.0e+01 1.0e+01 1.0e+00 5.0e-01 2.5e+01 5.0e+00 5.0e+00]",outputs_second_search/solution_10_9_75.npy,"(1, 1, -1, -1, 0, -1, 0, -1, 1)",97,spot
0.3577075504654837,24.881395587825565,10.529136364130453,5.45842002322373,28.807855883248244,10.553279217785413,7.387126053189578,29.272302874952956,10.829741793520874,0.7488463666678832,0.49411607090358906,0.02234066079122431,Active,0.8800088000880009,28.11028110281103,Active,0.8800088000880009,28.11028110281103,Active,4.450044500445005,140.54140541405414,Active,3.5600356003560036,112.43112431124312,Active,4.450044500445005,140.54140541405414,Active,4.450044500445005,140.54140541405414,Active,4.4400444004440045,140.55140551405515,"[[ 1  1 -1]
 [-1  0 -1]
 [ 0 -1  1]]",8.4754699666833,"[4.0e+00 1.0e-03 5.0e-01 2.5e+01 5.0e+00 5.0e+00 2.5e+01 5.0e-01 1.0e+00
 5.0e+01 2.0e+01 2.5e+01 1.0e+00 1.0e-01 5.0e+00 2.5e+01 2.5e+01]",outputs_second_search/solution_10_9_78.npy,"(1, 1, -1, -1, 0, -1, 0, -1, 1)",98,odd
6.069751381355148,14.675761055062392,12.707924805324513,6.092977844597639,14.681923367096537,17.351984754215074,6.122783635398675,14.686109078618406,52.29074390940963,0.008805059163901032,0.001261484405902535,10.52359354788731,Active,0.8800088000880009,28.11028110281103,Active,0.8800088000880009,28.11028110281103,Active,4.450044500445005,140.54140541405414,Active,1.7800178001780018,56.21056210562106,Active,4.450044500445005,140.54140541405414,Active,17.790177901779018,562.1956219562196,Active,4.4400444004440045,140.55140551405515,"[[ 1  1 -1]
 [-1  0 -1]
 [ 0 -1  1]]",9.1059076084963,"[4.0e+00 1.0e-03 5.0e-01 2.5e+01 5.0e+00 5.0e+00 2.5e+01 1.0e+00 1.0e+00
 2.0e+01 1.0e+01 2.5e+01 1.0e+00 1.0e-01 5.0e+00 1.0e+02 2.5e+01]",outputs_second_search/solution_10_9_79.npy,"(1, 1, -1, -1, 0, -1, 0, -1, 1)",99,odd
0.11542373256134801,3.86812251395283,0.20002630921663817,2.3139702316882254,5.192611621970915,17.975010519170713,7.043888891171902,7.158465334137404,49.107633597404785,2.0192629633593002,0.7801614905309494,19.87352382568573,Active,0.8800088000880009,28.11028110281103,Active,0.8800088000880009,28.11028110281103,Active,0.1800018000180002,5.620056200562006,Active,0.8900089000890009,28.10028100281003,Active,1.7800178001780018,56.21056210562106,Active,0.8900089000890009,28.10028100281003,Active,0.17000170001700018,5.630056300563006,"[[ 1  1 -1]
 [-1  0 -1]
 [ 0 -1  1]]",15.44061855670749,"[4.0e+00 1.0e-03 5.0e-01 2.5e+01 5.0e+00 5.0e+00 1.0e+00 1.0e+01 5.0e+00
 1.0e+02 5.0e+00 1.0e+01 1.0e-01 5.0e-01 2.5e+01 5.0e+00 1.0e+00]",outputs_second_search/solution_10_9_80.npy,"(1, 1, -1, -1, 0, -1, 0, -1, 1)",100,in-between
0.04964676461483942,6.2566974250392935,2.008373490493249,4.926642388531672,6.885516623955008,2.078001309410448,9.163981237682224,7.320824055431276,2.2145184738770354,3.146212312930315,0.2469028148847586,0.07069010555642749,Active,0.8800088000880009,28.11028110281103,Active,0.8800088000880009,28.11028110281103,Active,0.8900089000890009,28.10028100281003,Active,0.8900089000890009,28.10028100281003,Active,0.8900089000890009,28.10028100281003,Active,1.7800178001780018,56.21056210562106,Active,0.8800088000880009,28.11028110281103,"[[ 1  1 -1]
 [-1  0 -1]
 [ 0 -1  1]]",14.467288235485967,"[4.0e+00 1.0e-03 5.0e-01 2.5e+01 5.0e+00 5.0e+00 5.0e+00 1.0e+00 5.0e-01
 5.0e+00 5.0e+00 5.0e+00 1.0e+00 5.0e-01 1.0e+01 1.0e+01 5.0e+00]",outputs_second_search/solution_10_9_87.npy,"(1, 1, -1, -1, 0, -1, 0, -1, 1)",101,in-between
0.1976732494507964,12.090388885161714,2.0333612968020494,5.07974786544195,13.853316949107022,5.600219072535731,8.034900201767684,14.785373064482606,17.86358906155199,2.3911909209906757,0.5795265662501118,5.478002156581935,Active,0.8800088000880009,28.11028110281103,Active,0.8800088000880009,28.11028110281103,Active,0.8900089000890009,28.10028100281003,Active,1.7800178001780018,56.21056210562106,Active,1.7800178001780018,56.21056210562106,Active,17.790177901779018,562.1956219562196,Active,0.8800088000880009,28.11028110281103,"[[ 1  1 -1]
 [-1  0 -1]
 [ 0 -1  1]]",11.968494658049718,"[4.0e+00 1.0e-03 5.0e-01 2.5e+01 5.0e+00 5.0e+00 5.0e+00 1.0e+00 1.0e+00
 2.5e+01 1.0e+01 1.0e+01 1.0e+00 5.0e-01 2.5e+01 1.0e+02 5.0e+00]",outputs_second_search/solution_10_9_88.npy,"(1, 1, -1, -1, 0, -1, 0, -1, 1)",102,spot
0.12874762016574054,25.44200002488277,10.51049627448289,5.484475219176478,27.975992296376752,10.611972643270636,8.275917750987736,29.534280343040045,10.816968186175886,2.7018124061475897,0.877817863142729,0.06596149123962482,Active,0.8800088000880009,28.11028110281103,Active,0.8800088000880009,28.11028110281103,Active,4.450044500445005,140.54140541405414,Active,3.5600356003560036,112.43112431124312,Active,4.450044500445005,140.54140541405414,Active,8.90008900089001,281.0928109281093,Active,4.4400444004440045,140.55140551405515,"[[ 1  1 -1]
 [-1  0 -1]
 [ 0 -1  1]]",12.223017368897322,"[4.0e+00 1.0e-03 5.0e-01 2.5e+01 5.0e+00 5.0e+00 2.5e+01 1.0e-03 5.0e-01
 2.5e+01 2.0e+01 2.5e+01 1.0e+01 1.0e+00 5.0e+01 5.0e+01 2.5e+01]",outputs_second_search/solution_10_9_92.npy,"(1, 1, -1, -1, 0, -1, 0, -1, 1)",103,spot
6.64598366506925,14.72367796058068,2.059561316075179,6.645983665069439,14.723677960580744,2.059561316075209,6.645983665069616,14.723677960580813,2.05956131607524,5.514999699339629e-14,2.0322848724594945e-14,2.448925124060697e-14,Active,0.8800088000880009,28.11028110281103,Active,0.8800088000880009,28.11028110281103,Active,0.8900089000890009,28.10028100281003,Active,1.7800178001780018,56.21056210562106,Active,1.7800178001780018,56.21056210562106,Active,0.8900089000890009,28.10028100281003,Active,0.8800088000880009,28.11028110281103,"[[ 1  1 -1]
 [-1  0 -1]
 [ 0 -1  1]]",10.923798013448428,"[4.0e+00 1.0e-03 5.0e-01 2.5e+01 5.0e+00 5.0e+00 5.0e+00 1.0e-03 5.0e+00
 1.0e+02 1.0e+01 1.0e+01 1.0e+00 5.0e-01 2.5e+01 5.0e+00 5.0e+00]",outputs_second_search/solution_10_9_94.npy,"(1, 1, -1, -1, 0, -1, 0, -1, 1)",104,wrong
0.31464025024393893,24.668204031881466,2.0026864733016274,5.353531645313247,27.95667577503324,2.0105588045346936,7.676195083403896,29.69760106939908,2.0349854683644106,2.224397302012765,1.0770479623834455,0.009369802069897428,Active,0.8800088000880009,28.11028110281103,Active,0.8800088000880009,28.11028110281103,Active,0.8900089000890009,28.10028100281003,Active,3.5600356003560036,112.43112431124312,Active,1.7800178001780018,56.21056210562106,Active,1.7800178001780018,56.21056210562106,Active,0.8800088000880009,28.11028110281103,"[[ 1  1 -1]
 [-1  0 -1]
 [ 0 -1  1]]",10.777129971380017,"[4.0e+00 1.0e-03 5.0e-01 2.5e+01 5.0e+00 5.0e+00 5.0e+00 5.0e-01 1.0e+00
 5.0e+01 2.0e+01 1.0e+01 1.0e+00 5.0e-01 2.5e+01 1.0e+01 5.0e+00]",outputs_second_search/solution_10_9_98.npy,"(1, 1, -1, -1, 0, -1, 0, -1, 1)",105,spot
